code,name,date,volume_shares,volume_dollar,market_value,pb,ps,dividend_yield,f_net,i_net,d_net,t_net,mkt_rp,rf,mkt_pf,size_rp,bm_rp,div_rp,pe_rp
1101,台泥,2024-11,309,10213,252965,1.06,2.11,2.99,-2122.0,3057.0,-171.0,764.0,-2.5685,1.7,-2.4268,0.6305,-1.0838,1.8029,3.2086
1102,亞泥,2024-11,140,6300,149133,0.84,2.02,4.99,-2390.0,161.0,466.0,-1764.0,-2.5685,1.7,-2.4268,0.6305,-1.0838,1.8029,3.2086
1103,嘉泥,2024-11,5,81,14185,0.66,4.77,2.79,14.0,0.0,-12.0,2.0,-2.5685,1.7,-2.4268,0.6305,-1.0838,1.8029,3.2086
1104,環泥,2024-11,8,250,20085,0.89,2.5,6.84,-40.0,0.0,-8.0,-47.0,-2.5685,1.7,-2.4268,0.6305,-1.0838,1.8029,3.2086
1108,幸福,2024-11,7,99,5848,1.19,1.15,6.92,-18.0,0.0,0.0,-18.0,-2.5685,1.7,-2.4268,0.6305,-1.0838,1.8029,3.2086
1109,信大,2024-11,3,50,6260,0.77,1.1,6.54,43.0,0.0,-4.0,39.0,-2.5685,1.7,-2.4268,0.6305,-1.0838,1.8029,3.2086
1110,東泥,2024-11,4,93,12184,1.34,5.27,0.94,43.0,0.0,-7.0,36.0,-2.5685,1.7,-2.4268,0.6305,-1.0838,1.8029,3.2086
1201,味全,2024-11,7,118,9261,1.23,0.41,1.48,-12.0,0.0,-9.0,-21.0,-2.5685,1.7,-2.4268,0.6305,-1.0838,1.8029,3.2086
1203,味王,2024-11,1,30,10128,1.75,1.59,2.61,-100.0,0.0,-1.0,-101.0,-2.5685,1.7,-2.4268,0.6305,-1.0838,1.8029,3.2086
1210,大成,2024-11,17,873,47691,2.04,0.45,4.17,8.0,101.0,-23.0,86.0,-2.5685,1.7,-2.4268,0.6305,-1.0838,1.8029,3.2086
1215,卜蜂,2024-11,5,493,29184,3.15,1.04,5.56,55.0,-36.0,-5.0,14.0,-2.5685,1.7,-2.4268,0.6305,-1.0838,1.8029,3.2086
1216,統一,2024-11,168,14555,480130,3.87,0.76,3.55,-1885.0,430.0,-14.0,-1470.0,-2.5685,1.7,-2.4268,0.6305,-1.0838,1.8029,3.2086
1217,愛之味,2024-11,12,147,5885,0.79,1.19,1.93,-146.0,0.0,-11.0,-157.0,-2.5685,1.7,-2.4268,0.6305,-1.0838,1.8029,3.2086
1218,泰山,2024-11,18,375,10575,0.85,0.94,0.0,-29.0,-1.0,-9.0,-39.0,-2.5685,1.7,-2.4268,0.6305,-1.0838,1.8029,3.2086
1219,福壽,2024-11,4,71,5739,1.28,0.38,4.76,0.0,0.0,-6.0,-6.0,-2.5685,1.7,-2.4268,0.6305,-1.0838,1.8029,3.2086
1220,台榮,2024-11,18,318,3028,1.27,0.9,2.34,-9.0,0.0,2.0,-7.0,-2.5685,1.7,-2.4268,0.6305,-1.0838,1.8029,3.2086
1225,福懋油,2024-11,2,135,18348,5.39,1.34,1.75,-2.0,0.0,-1.0,-3.0,-2.5685,1.7,-2.4268,0.6305,-1.0838,1.8029,3.2086
1227,佳格,2024-11,9,336,34362,1.98,1.2,3.33,11.0,-1.0,-12.0,-2.0,-2.5685,1.7,-2.4268,0.6305,-1.0838,1.8029,3.2086
1229,聯華,2024-11,21,1257,100232,2.12,7.66,3.58,-33.0,-2.0,-31.0,-66.0,-2.5685,1.7,-2.4268,0.6305,-1.0838,1.8029,3.2086
1231,聯華食,2024-11,4,484,32423,5.52,2.89,2.18,9.0,0.0,-3.0,6.0,-2.5685,1.7,-2.4268,0.6305,-1.0838,1.8029,3.2086
1232,大統益,2024-11,1,201,23436,4.64,1.03,4.51,0.0,1.0,-1.0,0.0,-2.5685,1.7,-2.4268,0.6305,-1.0838,1.8029,3.2086
1233,天仁,2024-11,0,7,2881,1.98,1.32,2.83,-1.0,0.0,0.0,-1.0,-2.5685,1.7,-2.4268,0.6305,-1.0838,1.8029,3.2086
1234,黑松,2024-11,2,68,16698,0.91,1.57,4.57,42.0,0.0,-1.0,41.0,-2.5685,1.7,-2.4268,0.6305,-1.0838,1.8029,3.2086
1235,興泰,2024-11,1,89,23022,7.42,255.72,0.68,-1.0,0.0,0.0,-1.0,-2.5685,1.7,-2.4268,0.6305,-1.0838,1.8029,3.2086
1236,宏亞,2024-11,1,12,2011,0.8,1.02,2.8,2.0,0.0,0.0,2.0,-2.5685,1.7,-2.4268,0.6305,-1.0838,1.8029,3.2086
1301,台塑,2024-11,330,14879,263223,0.77,1.33,2.42,-5508.0,53.0,9.0,-5446.0,-2.5685,1.7,-2.4268,0.6305,-1.0838,1.8029,3.2086
1303,南亞,2024-11,191,7830,306923,0.83,1.2,1.81,-3839.0,71.0,333.0,-3435.0,-2.5685,1.7,-2.4268,0.6305,-1.0838,1.8029,3.2086
1304,台聚,2024-11,28,386,15216,0.67,0.29,2.73,-736.0,-2.0,-41.0,-779.0,-2.5685,1.7,-2.4268,0.6305,-1.0838,1.8029,3.2086
1305,華夏,2024-11,19,279,7873,0.83,0.63,2.58,-52.0,0.0,5.0,-47.0,-2.5685,1.7,-2.4268,0.6305,-1.0838,1.8029,3.2086
1307,三芳,2024-11,188,8630,15992,1.69,1.55,3.73,522.0,0.0,-17.0,505.0,-2.5685,1.7,-2.4268,0.6305,-1.0838,1.8029,3.2086
1308,亞聚,2024-11,50,877,9559,0.76,1.46,2.8,-921.0,10.0,-10.0,-921.0,-2.5685,1.7,-2.4268,0.6305,-1.0838,1.8029,3.2086
1309,台達化,2024-11,30,527,6421,1.0,0.38,1.86,-32.0,0.0,-13.0,-45.0,-2.5685,1.7,-2.4268,0.6305,-1.0838,1.8029,3.2086
1310,台苯,2024-11,13,155,6044,0.86,0.57,0.0,-187.0,0.0,-8.0,-195.0,-2.5685,1.7,-2.4268,0.6305,-1.0838,1.8029,3.2086
1312,國喬,2024-11,52,612,12671,0.38,0.8,0.0,-810.0,0.0,-32.0,-842.0,-2.5685,1.7,-2.4268,0.6305,-1.0838,1.8029,3.2086
1313,聯成,2024-11,29,316,14567,0.49,0.19,1.88,-115.0,0.0,-25.0,-140.0,-2.5685,1.7,-2.4268,0.6305,-1.0838,1.8029,3.2086
1314,中石化,2024-11,289,2328,30847,0.39,1.0,0.0,287.0,0.0,-182.0,105.0,-2.5685,1.7,-2.4268,0.6305,-1.0838,1.8029,3.2086
1315,達新,2024-11,0,19,6967,0.68,3.48,7.11,2.0,0.0,0.0,2.0,-2.5685,1.7,-2.4268,0.6305,-1.0838,1.8029,3.2086
1316,上曜,2024-11,45,670,4335,1.26,4.45,0.0,246.0,0.0,0.0,246.0,-2.5685,1.7,-2.4268,0.6305,-1.0838,1.8029,3.2086
1319,東陽,2024-11,89,10110,70090,2.76,2.8,3.38,-954.0,822.0,-17.0,-148.0,-2.5685,1.7,-2.4268,0.6305,-1.0838,1.8029,3.2086
1321,大洋,2024-11,9,290,7487,1.21,1.54,1.21,-90.0,0.0,-4.0,-94.0,-2.5685,1.7,-2.4268,0.6305,-1.0838,1.8029,3.2086
1323,永裕,2024-11,1,33,2364,0.96,0.73,3.86,0.0,0.0,-3.0,-3.0,-2.5685,1.7,-2.4268,0.6305,-1.0838,1.8029,3.2086
1324,地球,2024-11,2,31,958,0.99,1.11,1.57,-13.0,0.0,0.0,-13.0,-2.5685,1.7,-2.4268,0.6305,-1.0838,1.8029,3.2086
1325,恒大,2024-11,4,117,2298,0.84,6.27,2.23,-17.0,0.0,0.0,-17.0,-2.5685,1.7,-2.4268,0.6305,-1.0838,1.8029,3.2086
1326,台化,2024-11,199,7185,198401,0.61,0.56,3.69,-4742.0,51.0,-52.0,-4743.0,-2.5685,1.7,-2.4268,0.6305,-1.0838,1.8029,3.2086
1402,遠東新,2024-11,309,11203,178786,0.78,0.68,4.04,-5497.0,-805.0,445.0,-5856.0,-2.5685,1.7,-2.4268,0.6305,-1.0838,1.8029,3.2086
1409,新纖,2024-11,36,557,25975,0.7,0.62,3.43,1037.0,-2.0,-31.0,1004.0,-2.5685,1.7,-2.4268,0.6305,-1.0838,1.8029,3.2086
1410,南染,2024-11,1,22,2312,2.16,10.5,0.82,-1.0,0.0,-1.0,-2.0,-2.5685,1.7,-2.4268,0.6305,-1.0838,1.8029,3.2086
1413,宏洲,2024-11,3,30,1433,1.34,0.65,0.0,-12.0,0.0,0.0,-12.0,-2.5685,1.7,-2.4268,0.6305,-1.0838,1.8029,3.2086
1417,嘉裕,2024-11,3,35,1886,0.75,1.69,2.01,1.0,0.0,0.0,1.0,-2.5685,1.7,-2.4268,0.6305,-1.0838,1.8029,3.2086
1418,東華,2024-11,1,17,1586,1.31,115.86,0.0,0.0,0.0,0.0,0.0,-2.5685,1.7,-2.4268,0.6305,-1.0838,1.8029,3.2086
1419,新紡,2024-11,1,32,13652,0.93,3.77,2.64,-5.0,0.0,-3.0,-8.0,-2.5685,1.7,-2.4268,0.6305,-1.0838,1.8029,3.2086
1423,利華,2024-11,1,39,3672,1.18,30.61,1.63,-6.0,0.0,0.0,-6.0,-2.5685,1.7,-2.4268,0.6305,-1.0838,1.8029,3.2086
1434,福懋,2024-11,24,472,34114,0.71,1.2,2.47,-51.0,-2.0,-26.0,-80.0,-2.5685,1.7,-2.4268,0.6305,-1.0838,1.8029,3.2086
1436,華友聯,2024-11,14,1730,16012,3.99,4.45,5.25,9.0,0.0,3.0,12.0,-2.5685,1.7,-2.4268,0.6305,-1.0838,1.8029,3.2086
1437,勤益控,2024-11,2,53,6965,0.87,9.0,3.3,12.0,0.0,-2.0,10.0,-2.5685,1.7,-2.4268,0.6305,-1.0838,1.8029,3.2086
1439,雋揚,2024-11,1,24,2829,1.05,18.52,0.98,-2.0,0.0,0.0,-2.0,-2.5685,1.7,-2.4268,0.6305,-1.0838,1.8029,3.2086
1440,南紡,2024-11,15,226,25184,0.85,1.44,2.3,23.0,-2.0,-28.0,-7.0,-2.5685,1.7,-2.4268,0.6305,-1.0838,1.8029,3.2086
1441,大東,2024-11,1,15,1040,1.75,0.83,0.0,-4.0,0.0,0.0,-4.0,-2.5685,1.7,-2.4268,0.6305,-1.0838,1.8029,3.2086
1442,名軒,2024-11,64,4826,29810,4.08,3.14,4.3,1571.0,0.0,-14.0,1557.0,-2.5685,1.7,-2.4268,0.6305,-1.0838,1.8029,3.2086
1443,立益物流,2024-11,1,17,4419,2.11,5.11,0.0,-3.0,0.0,0.0,-3.0,-2.5685,1.7,-2.4268,0.6305,-1.0838,1.8029,3.2086
1444,力麗,2024-11,17,158,9140,0.83,1.18,0.0,48.0,0.0,-13.0,35.0,-2.5685,1.7,-2.4268,0.6305,-1.0838,1.8029,3.2086
1445,大宇,2024-11,3,62,2247,0.94,1.98,14.53,13.0,0.0,0.0,13.0,-2.5685,1.7,-2.4268,0.6305,-1.0838,1.8029,3.2086
1446,宏和,2024-11,53,2587,7547,3.77,3.84,1.28,174.0,0.0,0.0,174.0,-2.5685,1.7,-2.4268,0.6305,-1.0838,1.8029,3.2086
1447,力鵬,2024-11,33,259,7062,0.76,0.22,0.0,5.0,0.0,-3.0,2.0,-2.5685,1.7,-2.4268,0.6305,-1.0838,1.8029,3.2086
1451,年興,2024-11,6,122,4267,0.6,0.66,2.4,49.0,0.0,2.0,51.0,-2.5685,1.7,-2.4268,0.6305,-1.0838,1.8029,3.2086
1452,宏益,2024-11,3,44,2122,0.74,1.47,1.88,-13.0,0.0,1.0,-12.0,-2.5685,1.7,-2.4268,0.6305,-1.0838,1.8029,3.2086
1453,大將,2024-11,3,42,1715,1.17,8.4,1.92,7.0,0.0,-4.0,3.0,-2.5685,1.7,-2.4268,0.6305,-1.0838,1.8029,3.2086
1454,台富,2024-11,2,28,2097,1.32,1.33,1.55,-3.0,0.0,0.0,-3.0,-2.5685,1.7,-2.4268,0.6305,-1.0838,1.8029,3.2086
1455,集盛,2024-11,10,102,5317,0.82,0.58,0.0,-223.0,0.0,-8.0,-231.0,-2.5685,1.7,-2.4268,0.6305,-1.0838,1.8029,3.2086
1456,怡華,2024-11,2,35,1659,1.16,1.41,1.13,-3.0,0.0,1.0,-2.0,-2.5685,1.7,-2.4268,0.6305,-1.0838,1.8029,3.2086
1457,宜進,2024-11,3,56,6224,1.18,1.89,7.63,47.0,0.0,4.0,51.0,-2.5685,1.7,-2.4268,0.6305,-1.0838,1.8029,3.2086
1459,聯發,2024-11,1,11,3561,1.18,2.55,0.0,-3.0,0.0,-1.0,-4.0,-2.5685,1.7,-2.4268,0.6305,-1.0838,1.8029,3.2086
1460,宏遠,2024-11,9,62,4925,0.85,0.62,0.0,-10.0,0.0,-1.0,-11.0,-2.5685,1.7,-2.4268,0.6305,-1.0838,1.8029,3.2086
1463,強盛新,2024-11,6,147,4323,1.96,12.84,2.0,74.0,0.0,0.0,74.0,-2.5685,1.7,-2.4268,0.6305,-1.0838,1.8029,3.2086
1464,得力,2024-11,37,606,6339,1.21,0.6,1.61,-52.0,0.0,0.0,-52.0,-2.5685,1.7,-2.4268,0.6305,-1.0838,1.8029,3.2086
1466,聚隆,2024-11,20,289,1551,1.08,0.59,0.0,-39.0,0.0,30.0,-9.0,-2.5685,1.7,-2.4268,0.6305,-1.0838,1.8029,3.2086
1467,南緯,2024-11,6,63,2523,0.87,0.54,0.0,-22.0,0.0,0.0,-22.0,-2.5685,1.7,-2.4268,0.6305,-1.0838,1.8029,3.2086
1468,昶和,2024-11,1,13,2326,1.75,2.15,0.0,-1.0,0.0,0.0,-1.0,-2.5685,1.7,-2.4268,0.6305,-1.0838,1.8029,3.2086
1470,大統新創,2024-11,0,9,1814,1.83,2.79,2.74,0.0,0.0,0.0,0.0,-2.5685,1.7,-2.4268,0.6305,-1.0838,1.8029,3.2086
1471,首利,2024-11,44,662,2249,1.54,8.22,0.0,147.0,0.0,-9.0,138.0,-2.5685,1.7,-2.4268,0.6305,-1.0838,1.8029,3.2086
1472,三洋實業,2024-11,2,100,3375,2.42,1.49,3.11,-5.0,0.0,0.0,-5.0,-2.5685,1.7,-2.4268,0.6305,-1.0838,1.8029,3.2086
1473,台南,2024-11,6,199,5188,1.3,0.72,3.38,42.0,0.0,-1.0,41.0,-2.5685,1.7,-2.4268,0.6305,-1.0838,1.8029,3.2086
1474,弘裕,2024-11,5,63,1728,0.81,0.57,0.0,17.0,0.0,0.0,17.0,-2.5685,1.7,-2.4268,0.6305,-1.0838,1.8029,3.2086
1475,業旺,2024-11,4,220,3855,2.76,2.44,3.42,21.0,0.0,0.0,21.0,-2.5685,1.7,-2.4268,0.6305,-1.0838,1.8029,3.2086
1476,儒鴻,2024-11,12,6459,145415,5.72,4.32,2.55,20.0,6.0,12.0,38.0,-2.5685,1.7,-2.4268,0.6305,-1.0838,1.8029,3.2086
1477,聚陽,2024-11,39,12579,79065,5.61,2.35,5.12,-266.0,-23.0,-14.0,-303.0,-2.5685,1.7,-2.4268,0.6305,-1.0838,1.8029,3.2086
1503,士電,2024-11,23,4790,103413,2.59,3.11,1.51,163.0,-2.0,8.0,169.0,-2.5685,1.7,-2.4268,0.6305,-1.0838,1.8029,3.2086
1504,東元,2024-11,147,7580,113570,1.47,1.97,4.14,1182.0,150.0,-63.0,1269.0,-2.5685,1.7,-2.4268,0.6305,-1.0838,1.8029,3.2086
1506,正道,2024-11,4,57,3995,1.48,3.67,0.0,10.0,0.0,0.0,10.0,-2.5685,1.7,-2.4268,0.6305,-1.0838,1.8029,3.2086
1512,瑞利,2024-11,1,5,689,1.96,0.64,0.0,0.0,0.0,0.0,0.0,-2.5685,1.7,-2.4268,0.6305,-1.0838,1.8029,3.2086
1513,中興電,2024-11,91,14790,79492,4.44,3.36,2.28,277.0,-3.0,74.0,348.0,-2.5685,1.7,-2.4268,0.6305,-1.0838,1.8029,3.2086
1514,亞力,2024-11,44,4891,29163,5.45,3.02,1.63,-49.0,0.0,2.0,-47.0,-2.5685,1.7,-2.4268,0.6305,-1.0838,1.8029,3.2086
1515,力山,2024-11,8,254,5698,1.44,0.65,3.82,8.0,0.0,-3.0,5.0,-2.5685,1.7,-2.4268,0.6305,-1.0838,1.8029,3.2086
1516,川飛,2024-11,3,53,712,1.49,0.73,1.74,-6.0,0.0,0.0,-6.0,-2.5685,1.7,-2.4268,0.6305,-1.0838,1.8029,3.2086
1517,利奇,2024-11,3,40,3193,0.87,1.84,1.41,-4.0,0.0,-2.0,-6.0,-2.5685,1.7,-2.4268,0.6305,-1.0838,1.8029,3.2086
1519,華城,2024-11,99,58795,157940,26.41,9.32,1.27,-85.0,-86.0,16.0,-155.0,-2.5685,1.7,-2.4268,0.6305,-1.0838,1.8029,3.2086
1521,大億,2024-11,1,19,2699,1.51,0.59,1.98,2.0,0.0,0.0,2.0,-2.5685,1.7,-2.4268,0.6305,-1.0838,1.8029,3.2086
1522,堤維西,2024-11,58,3616,20276,2.07,1.01,3.09,429.0,1.0,69.0,499.0,-2.5685,1.7,-2.4268,0.6305,-1.0838,1.8029,3.2086
1524,耿鼎,2024-11,191,7226,6472,2.35,2.3,3.32,-280.0,0.0,5.0,-275.0,-2.5685,1.7,-2.4268,0.6305,-1.0838,1.8029,3.2086
1525,江申,2024-11,1,36,4793,1.0,3.42,5.05,-1.0,0.0,-1.0,-2.0,-2.5685,1.7,-2.4268,0.6305,-1.0838,1.8029,3.2086
1526,日馳,2024-11,1,32,1443,1.02,1.9,2.49,-5.0,0.0,0.0,-5.0,-2.5685,1.7,-2.4268,0.6305,-1.0838,1.8029,3.2086
1527,鑽全,2024-11,6,255,5917,1.25,2.03,4.68,4.0,0.0,1.0,5.0,-2.5685,1.7,-2.4268,0.6305,-1.0838,1.8029,3.2086
1528,恩德,2024-11,292,5737,3310,1.42,0.88,0.58,-567.0,0.0,-2.0,-569.0,-2.5685,1.7,-2.4268,0.6305,-1.0838,1.8029,3.2086
1529,樂事綠能,2024-11,7,179,3955,2.27,4.87,2.35,222.0,0.0,-8.0,213.0,-2.5685,1.7,-2.4268,0.6305,-1.0838,1.8029,3.2086
1530,亞崴,2024-11,2,62,2961,0.91,1.49,4.89,-1.0,0.0,-14.0,-15.0,-2.5685,1.7,-2.4268,0.6305,-1.0838,1.8029,3.2086
1531,高林股,2024-11,77,1307,3141,0.86,2.11,1.16,-29.0,0.0,-48.0,-77.0,-2.5685,1.7,-2.4268,0.6305,-1.0838,1.8029,3.2086
1532,勤美,2024-11,42,1471,13882,0.93,0.63,4.25,-565.0,-1.0,-7.0,-574.0,-2.5685,1.7,-2.4268,0.6305,-1.0838,1.8029,3.2086
1533,車王電,2024-11,2,85,4144,1.88,1.23,0.0,-2.0,0.0,0.0,-2.0,-2.5685,1.7,-2.4268,0.6305,-1.0838,1.8029,3.2086
1535,中宇,2024-11,2,92,7598,2.18,0.72,5.37,5.0,6.0,0.0,11.0,-2.5685,1.7,-2.4268,0.6305,-1.0838,1.8029,3.2086
1536,和大,2024-11,220,14016,18057,2.09,2.9,1.55,-866.0,0.0,52.0,-815.0,-2.5685,1.7,-2.4268,0.6305,-1.0838,1.8029,3.2086
1537,廣隆,2024-11,12,1844,12966,3.08,1.79,4.43,61.0,0.0,-6.0,55.0,-2.5685,1.7,-2.4268,0.6305,-1.0838,1.8029,3.2086
1539,巨庭,2024-11,7,183,1602,0.99,1.04,2.45,56.0,0.0,0.0,56.0,-2.5685,1.7,-2.4268,0.6305,-1.0838,1.8029,3.2086
1540,喬福,2024-11,111,4459,3393,2.32,5.28,2.77,257.0,0.0,0.0,257.0,-2.5685,1.7,-2.4268,0.6305,-1.0838,1.8029,3.2086
1541,錩泰,2024-11,1,21,2175,1.09,0.64,1.81,0.0,0.0,1.0,1.0,-2.5685,1.7,-2.4268,0.6305,-1.0838,1.8029,3.2086
1560,中砂,2024-11,59,18037,43471,6.81,6.62,1.34,117.0,-91.0,15.0,41.0,-2.5685,1.7,-2.4268,0.6305,-1.0838,1.8029,3.2086
1604,聲寶,2024-11,4,106,10892,1.33,1.21,5.29,-106.0,0.0,-5.0,-111.0,-2.5685,1.7,-2.4268,0.6305,-1.0838,1.8029,3.2086
1605,華新,2024-11,307,8677,105218,0.74,0.59,4.21,-3472.0,-256.0,107.0,-3621.0,-2.5685,1.7,-2.4268,0.6305,-1.0838,1.8029,3.2086
1608,華榮,2024-11,23,668,18097,2.39,1.68,3.5,147.0,-1.0,-9.0,137.0,-2.5685,1.7,-2.4268,0.6305,-1.0838,1.8029,3.2086
1609,大亞,2024-11,73,3344,35472,2.37,1.26,3.71,733.0,0.0,-31.0,702.0,-2.5685,1.7,-2.4268,0.6305,-1.0838,1.8029,3.2086
1611,中電,2024-11,67,1160,5599,1.29,4.28,2.88,-353.0,0.0,-7.0,-360.0,-2.5685,1.7,-2.4268,0.6305,-1.0838,1.8029,3.2086
1612,宏泰,2024-11,14,473,10936,1.46,1.64,5.78,-17.0,-1.0,-3.0,-21.0,-2.5685,1.7,-2.4268,0.6305,-1.0838,1.8029,3.2086
1614,三洋電,2024-11,1,39,10536,1.95,1.91,2.73,7.0,0.0,-1.0,6.0,-2.5685,1.7,-2.4268,0.6305,-1.0838,1.8029,3.2086
1615,大山,2024-11,2,95,10938,3.4,1.95,4.93,16.0,0.0,1.0,17.0,-2.5685,1.7,-2.4268,0.6305,-1.0838,1.8029,3.2086
1616,億泰,2024-11,24,545,4252,2.32,0.98,1.69,-150.0,0.0,6.0,-144.0,-2.5685,1.7,-2.4268,0.6305,-1.0838,1.8029,3.2086
1617,榮星,2024-11,4,78,3094,1.37,1.0,1.53,15.0,0.0,0.0,15.0,-2.5685,1.7,-2.4268,0.6305,-1.0838,1.8029,3.2086
1618,合機,2024-11,72,3328,9057,1.52,1.93,2.13,30.0,0.0,13.0,43.0,-2.5685,1.7,-2.4268,0.6305,-1.0838,1.8029,3.2086
1702,南僑,2024-11,12,667,15589,1.54,0.67,4.72,-76.0,-4.0,-3.0,-82.0,-2.5685,1.7,-2.4268,0.6305,-1.0838,1.8029,3.2086
1707,葡萄王,2024-11,8,1223,22961,2.4,2.11,4.45,47.0,0.0,1.0,48.0,-2.5685,1.7,-2.4268,0.6305,-1.0838,1.8029,3.2086
1708,東鹼,2024-11,83,3511,10408,1.55,1.76,3.59,-37.0,0.0,21.0,-16.0,-2.5685,1.7,-2.4268,0.6305,-1.0838,1.8029,3.2086
1709,和益,2024-11,13,296,10232,1.12,1.01,2.8,29.0,-1.0,-21.0,7.0,-2.5685,1.7,-2.4268,0.6305,-1.0838,1.8029,3.2086
1710,東聯,2024-11,17,286,14348,1.2,0.65,1.23,-119.0,-2.0,-46.0,-167.0,-2.5685,1.7,-2.4268,0.6305,-1.0838,1.8029,3.2086
1711,永光,2024-11,62,1463,12352,1.47,1.52,0.67,270.0,-1.0,-1.0,268.0,-2.5685,1.7,-2.4268,0.6305,-1.0838,1.8029,3.2086
1712,興農,2024-11,15,673,19027,2.4,0.98,6.19,22.0,17.0,6.0,46.0,-2.5685,1.7,-2.4268,0.6305,-1.0838,1.8029,3.2086
1713,國化,2024-11,2,108,7034,2.21,13.58,3.0,-8.0,0.0,0.0,-8.0,-2.5685,1.7,-2.4268,0.6305,-1.0838,1.8029,3.2086
1717,長興,2024-11,37,1129,35112,1.33,0.81,2.68,-150.0,-1.0,-63.0,-215.0,-2.5685,1.7,-2.4268,0.6305,-1.0838,1.8029,3.2086
1718,中纖,2024-11,56,447,13808,0.64,0.36,0.0,-385.0,0.0,11.0,-374.0,-2.5685,1.7,-2.4268,0.6305,-1.0838,1.8029,3.2086
1720,生達,2024-11,6,368,11597,1.99,1.75,4.16,84.0,1.0,-1.0,84.0,-2.5685,1.7,-2.4268,0.6305,-1.0838,1.8029,3.2086
1721,三晃,2024-11,76,1503,3383,1.7,1.5,0.0,-672.0,0.0,-1.0,-673.0,-2.5685,1.7,-2.4268,0.6305,-1.0838,1.8029,3.2086
1722,台肥,2024-11,31,1718,54782,1.02,4.66,4.65,-306.0,-12.0,-37.0,-355.0,-2.5685,1.7,-2.4268,0.6305,-1.0838,1.8029,3.2086
1723,中碳,2024-11,5,481,23003,2.96,3.07,4.12,-4.0,0.0,-4.0,-8.0,-2.5685,1.7,-2.4268,0.6305,-1.0838,1.8029,3.2086
1725,元禎,2024-11,4,149,7473,1.44,0.97,2.07,26.0,0.0,-4.0,22.0,-2.5685,1.7,-2.4268,0.6305,-1.0838,1.8029,3.2086
1726,永記,2024-11,0,27,12425,1.26,1.35,4.56,-4.0,0.0,-1.0,-5.0,-2.5685,1.7,-2.4268,0.6305,-1.0838,1.8029,3.2086
1727,中華化,2024-11,26,932,4294,2.15,2.32,0.85,9.0,0.0,-1.0,8.0,-2.5685,1.7,-2.4268,0.6305,-1.0838,1.8029,3.2086
1730,花仙子,2024-11,1,28,3370,1.88,1.32,5.25,1.0,0.0,-1.0,0.0,-2.5685,1.7,-2.4268,0.6305,-1.0838,1.8029,3.2086
1731,美吾華,2024-11,2,56,3044,1.51,2.18,5.02,-3.0,0.0,-1.0,-4.0,-2.5685,1.7,-2.4268,0.6305,-1.0838,1.8029,3.2086
1732,毛寶,2024-11,2,48,1176,2.4,2.07,0.0,1.0,0.0,0.0,1.0,-2.5685,1.7,-2.4268,0.6305,-1.0838,1.8029,3.2086
1733,五鼎,2024-11,3,72,2844,1.63,1.66,3.87,5.0,0.0,-3.0,2.0,-2.5685,1.7,-2.4268,0.6305,-1.0838,1.8029,3.2086
1734,杏輝,2024-11,4,122,5588,1.79,1.86,5.83,33.0,0.0,0.0,33.0,-2.5685,1.7,-2.4268,0.6305,-1.0838,1.8029,3.2086
1735,日勝化,2024-11,6,122,1933,1.27,0.76,2.57,-11.0,0.0,-1.0,-12.0,-2.5685,1.7,-2.4268,0.6305,-1.0838,1.8029,3.2086
1736,喬山,2024-11,22,3354,47785,4.92,1.17,0.63,72.0,0.0,-6.0,66.0,-2.5685,1.7,-2.4268,0.6305,-1.0838,1.8029,3.2086
1737,臺鹽,2024-11,6,183,6440,1.0,1.95,3.73,9.0,0.0,0.0,9.0,-2.5685,1.7,-2.4268,0.6305,-1.0838,1.8029,3.2086
1802,台玻,2024-11,406,8069,58743,1.19,1.3,0.0,2753.0,-2.0,1107.0,3858.0,-2.5685,1.7,-2.4268,0.6305,-1.0838,1.8029,3.2086
1805,寶徠,2024-11,2,35,1863,2.23,27.31,0.0,-17.0,0.0,0.0,-17.0,-2.5685,1.7,-2.4268,0.6305,-1.0838,1.8029,3.2086
1806,冠軍,2024-11,14,145,4060,0.74,1.21,0.0,-12.0,0.0,-14.0,-26.0,-2.5685,1.7,-2.4268,0.6305,-1.0838,1.8029,3.2086
1808,潤隆,2024-11,74,3148,40980,2.84,1.38,36.32,221.0,0.0,-25.0,196.0,-2.5685,1.7,-2.4268,0.6305,-1.0838,1.8029,3.2086
1809,中釉,2024-11,50,1113,3591,1.23,1.46,0.93,-44.0,0.0,2.0,-42.0,-2.5685,1.7,-2.4268,0.6305,-1.0838,1.8029,3.2086
1810,和成,2024-11,11,189,5215,0.77,1.07,1.16,-29.0,0.0,-4.0,-33.0,-2.5685,1.7,-2.4268,0.6305,-1.0838,1.8029,3.2086
1903,士紙,2024-11,2,90,14068,2.54,86.77,0.0,17.0,0.0,-1.0,16.0,-2.5685,1.7,-2.4268,0.6305,-1.0838,1.8029,3.2086
1904,正隆,2024-11,21,485,24050,0.83,0.57,2.3,-215.0,-1.0,-23.0,-239.0,-2.5685,1.7,-2.4268,0.6305,-1.0838,1.8029,3.2086
1905,華紙,2024-11,18,324,19686,1.23,0.93,0.0,26.0,-1.0,-30.0,-5.0,-2.5685,1.7,-2.4268,0.6305,-1.0838,1.8029,3.2086
1906,寶隆,2024-11,1,21,2265,0.56,0.67,1.0,0.0,0.0,-4.0,-4.0,-2.5685,1.7,-2.4268,0.6305,-1.0838,1.8029,3.2086
1907,永豐餘,2024-11,19,568,50641,0.76,0.67,2.95,-46.0,-2.0,-23.0,-71.0,-2.5685,1.7,-2.4268,0.6305,-1.0838,1.8029,3.2086
1909,榮成,2024-11,23,295,16397,0.73,0.35,0.0,-27.0,-2.0,-37.0,-66.0,-2.5685,1.7,-2.4268,0.6305,-1.0838,1.8029,3.2086
2002,中鋼,2024-11,392,8796,333579,1.09,0.91,1.65,-12970.0,154.0,-51.0,-12867.0,-2.5685,1.7,-2.4268,0.6305,-1.0838,1.8029,3.2086
2006,東和鋼鐵,2024-11,19,1377,51480,1.7,0.83,5.96,-252.0,-7.0,23.0,-236.0,-2.5685,1.7,-2.4268,0.6305,-1.0838,1.8029,3.2086
2007,燁興,2024-11,12,123,5360,1.01,0.95,0.0,19.0,0.0,-5.0,14.0,-2.5685,1.7,-2.4268,0.6305,-1.0838,1.8029,3.2086
2008,高興昌,2024-11,1,43,6107,1.79,4.26,3.13,-1.0,0.0,-1.0,-2.0,-2.5685,1.7,-2.4268,0.6305,-1.0838,1.8029,3.2086
2009,第一銅,2024-11,17,704,14223,1.49,4.84,0.0,-45.0,-1.0,-10.0,-56.0,-2.5685,1.7,-2.4268,0.6305,-1.0838,1.8029,3.2086
2010,春源,2024-11,28,519,11949,1.02,0.53,5.42,-38.0,0.0,-6.0,-44.0,-2.5685,1.7,-2.4268,0.6305,-1.0838,1.8029,3.2086
2012,春雨,2024-11,3,78,7992,1.87,0.93,3.44,15.0,0.0,-2.0,13.0,-2.5685,1.7,-2.4268,0.6305,-1.0838,1.8029,3.2086
2013,中鋼構,2024-11,1,48,10600,2.04,0.58,3.58,3.0,0.0,-4.0,-1.0,-2.5685,1.7,-2.4268,0.6305,-1.0838,1.8029,3.2086
2014,中鴻,2024-11,126,2658,28280,1.84,0.79,0.51,-849.0,6.0,-90.0,-933.0,-2.5685,1.7,-2.4268,0.6305,-1.0838,1.8029,3.2086
2015,豐興,2024-11,5,430,43562,2.05,1.26,4.67,-117.0,-1.0,-8.0,-126.0,-2.5685,1.7,-2.4268,0.6305,-1.0838,1.8029,3.2086
2017,官田鋼,2024-11,10,114,5161,0.88,1.63,0.0,-80.0,0.0,-5.0,-85.0,-2.5685,1.7,-2.4268,0.6305,-1.0838,1.8029,3.2086
2020,美亞,2024-11,13,373,7837,1.79,1.28,13.63,22.0,0.0,-2.0,20.0,-2.5685,1.7,-2.4268,0.6305,-1.0838,1.8029,3.2086
2022,聚亨,2024-11,10,96,3115,0.9,0.38,2.16,-15.0,0.0,0.0,-15.0,-2.5685,1.7,-2.4268,0.6305,-1.0838,1.8029,3.2086
2023,燁輝,2024-11,30,453,30160,1.02,0.39,2.63,-684.0,-2.0,-24.0,-710.0,-2.5685,1.7,-2.4268,0.6305,-1.0838,1.8029,3.2086
2024,志聯,2024-11,1,17,1979,1.79,1.92,0.0,0.0,0.0,0.0,0.0,-2.5685,1.7,-2.4268,0.6305,-1.0838,1.8029,3.2086
2027,大成鋼,2024-11,309,10606,84469,1.29,0.91,3.46,-1147.0,-20.0,476.0,-691.0,-2.5685,1.7,-2.4268,0.6305,-1.0838,1.8029,3.2086
2028,威致,2024-11,3,80,7361,1.58,0.73,3.54,-1.0,0.0,0.0,-1.0,-2.5685,1.7,-2.4268,0.6305,-1.0838,1.8029,3.2086
2029,盛餘,2024-11,4,93,7997,0.81,0.61,5.02,30.0,0.0,-3.0,27.0,-2.5685,1.7,-2.4268,0.6305,-1.0838,1.8029,3.2086
2030,彰源,2024-11,11,199,4923,1.0,0.4,2.85,-11.0,0.0,-4.0,-15.0,-2.5685,1.7,-2.4268,0.6305,-1.0838,1.8029,3.2086
2031,新光鋼,2024-11,21,1107,15913,1.2,1.01,6.05,79.0,0.0,-4.0,75.0,-2.5685,1.7,-2.4268,0.6305,-1.0838,1.8029,3.2086
2032,新鋼,2024-11,3,42,1945,1.15,0.68,0.0,-5.0,0.0,-5.0,-10.0,-2.5685,1.7,-2.4268,0.6305,-1.0838,1.8029,3.2086
2033,佳大,2024-11,20,509,1868,1.8,3.28,0.0,-10.0,0.0,-2.0,-12.0,-2.5685,1.7,-2.4268,0.6305,-1.0838,1.8029,3.2086
2034,允強,2024-11,34,692,10535,1.14,0.74,4.94,-121.0,0.0,9.0,-112.0,-2.5685,1.7,-2.4268,0.6305,-1.0838,1.8029,3.2086
2059,川湖,2024-11,30,42018,139134,7.74,17.97,0.97,15.0,45.0,89.0,149.0,-2.5685,1.7,-2.4268,0.6305,-1.0838,1.8029,3.2086
2101,南港,2024-11,64,3025,40946,3.67,4.84,0.0,531.0,0.0,36.0,567.0,-2.5685,1.7,-2.4268,0.6305,-1.0838,1.8029,3.2086
2102,泰豐,2024-11,16,352,10295,1.46,50.4,0.0,175.0,0.0,-7.0,168.0,-2.5685,1.7,-2.4268,0.6305,-1.0838,1.8029,3.2086
2103,台橡,2024-11,31,737,18867,0.93,0.57,2.45,-366.0,-1.0,-9.0,-376.0,-2.5685,1.7,-2.4268,0.6305,-1.0838,1.8029,3.2086
2104,國際中橡,2024-11,20,299,14968,0.45,0.82,0.0,-101.0,-2.0,-14.0,-117.0,-2.5685,1.7,-2.4268,0.6305,-1.0838,1.8029,3.2086
2105,正新,2024-11,288,14737,164016,1.92,1.71,3.95,-2188.0,2008.0,430.0,250.0,-2.5685,1.7,-2.4268,0.6305,-1.0838,1.8029,3.2086
2106,建大,2024-11,23,664,27453,1.34,0.79,3.48,-333.0,-1.0,-18.0,-351.0,-2.5685,1.7,-2.4268,0.6305,-1.0838,1.8029,3.2086
2107,厚生,2024-11,5,122,7742,0.57,5.76,5.1,4.0,0.0,-1.0,3.0,-2.5685,1.7,-2.4268,0.6305,-1.0838,1.8029,3.2086
2108,南帝,2024-11,10,337,16718,1.17,1.72,2.95,21.0,-1.0,-7.0,13.0,-2.5685,1.7,-2.4268,0.6305,-1.0838,1.8029,3.2086
2109,華豐,2024-11,9,166,5028,1.45,1.06,6.67,27.0,0.0,-1.0,26.0,-2.5685,1.7,-2.4268,0.6305,-1.0838,1.8029,3.2086
2201,裕隆,2024-11,60,3395,59706,0.97,0.68,2.51,42.0,-3.0,-21.0,17.0,-2.5685,1.7,-2.4268,0.6305,-1.0838,1.8029,3.2086
2204,中華,2024-11,248,20362,46670,1.32,1.06,7.12,-2406.0,6.0,-19.0,-2419.0,-2.5685,1.7,-2.4268,0.6305,-1.0838,1.8029,3.2086
2206,三陽工業,2024-11,71,5020,56542,2.45,0.85,4.23,160.0,101.0,-100.0,161.0,-2.5685,1.7,-2.4268,0.6305,-1.0838,1.8029,3.2086
2207,和泰車,2024-11,5,3467,342061,4.91,1.24,3.26,-199.0,4.0,-5.0,-200.0,-2.5685,1.7,-2.4268,0.6305,-1.0838,1.8029,3.2086
2227,裕日車,2024-11,2,186,27360,1.48,1.04,3.82,-13.0,0.0,-12.0,-25.0,-2.5685,1.7,-2.4268,0.6305,-1.0838,1.8029,3.2086
2301,光寶科,2024-11,206,21707,244114,2.8,1.76,4.34,-2292.0,2102.0,118.0,-72.0,-2.5685,1.7,-2.4268,0.6305,-1.0838,1.8029,3.2086
2302,麗正,2024-11,28,521,3284,1.84,4.79,1.57,591.0,0.0,-1.0,590.0,-2.5685,1.7,-2.4268,0.6305,-1.0838,1.8029,3.2086
2303,聯電,2024-11,1495,67924,545584,1.53,2.44,6.89,-26805.0,12200.0,1155.0,-13451.0,-2.5685,1.7,-2.4268,0.6305,-1.0838,1.8029,3.2086
2305,全友,2024-11,10,179,3445,1.53,5.09,0.0,159.0,0.0,1.0,160.0,-2.5685,1.7,-2.4268,0.6305,-1.0838,1.8029,3.2086
2308,台達電,2024-11,155,60738,989664,4.79,2.46,1.69,-1710.0,-481.0,17.0,-2174.0,-2.5685,1.7,-2.4268,0.6305,-1.0838,1.8029,3.2086
2312,金寶,2024-11,2553,75937,44909,2.04,0.29,1.01,-4629.0,-2.0,927.0,-3704.0,-2.5685,1.7,-2.4268,0.6305,-1.0838,1.8029,3.2086
2313,華通,2024-11,213,13598,72582,1.78,1.01,2.46,1580.0,13.0,59.0,1652.0,-2.5685,1.7,-2.4268,0.6305,-1.0838,1.8029,3.2086
2314,台揚,2024-11,63,2083,7888,5.05,3.86,0.0,-64.0,0.0,0.0,-64.0,-2.5685,1.7,-2.4268,0.6305,-1.0838,1.8029,3.2086
2316,楠梓電,2024-11,44,2350,9338,1.0,2.81,0.98,-87.0,0.0,-7.0,-94.0,-2.5685,1.7,-2.4268,0.6305,-1.0838,1.8029,3.2086
2317,鴻海,2024-11,1370,284981,2715828,1.78,0.43,2.76,-12071.0,34.0,494.0,-11543.0,-2.5685,1.7,-2.4268,0.6305,-1.0838,1.8029,3.2086
2321,東訊,2024-11,1,11,219,1.09,0.29,0.0,0.0,0.0,0.0,0.0,-2.5685,1.7,-2.4268,0.6305,-1.0838,1.8029,3.2086
2323,中環,2024-11,102,1196,12255,0.64,1.64,6.04,3087.0,-3042.0,95.0,140.0,-2.5685,1.7,-2.4268,0.6305,-1.0838,1.8029,3.2086
2324,仁寶,2024-11,696,26181,162403,1.28,0.17,3.26,-1529.0,45.0,573.0,-911.0,-2.5685,1.7,-2.4268,0.6305,-1.0838,1.8029,3.2086
2327,國巨,2024-11,54,28839,266671,1.85,2.33,4.26,-124.0,5.0,19.0,-100.0,-2.5685,1.7,-2.4268,0.6305,-1.0838,1.8029,3.2086
2328,廣宇,2024-11,182,7120,19308,1.43,0.82,3.49,434.0,-1.0,8.0,441.0,-2.5685,1.7,-2.4268,0.6305,-1.0838,1.8029,3.2086
2329,華泰,2024-11,105,3910,19947,1.79,1.13,3.34,212.0,-5.0,-6.0,201.0,-2.5685,1.7,-2.4268,0.6305,-1.0838,1.8029,3.2086
2330,台積電,2024-11,869,900599,25829002,6.81,10.59,1.31,-8404.0,444.0,80.0,-7881.0,-2.5685,1.7,-2.4268,0.6305,-1.0838,1.8029,3.2086
2331,精英,2024-11,46,1119,13266,1.05,0.77,4.2,200.0,0.0,-17.0,182.0,-2.5685,1.7,-2.4268,0.6305,-1.0838,1.8029,3.2086
2332,友訊,2024-11,298,6469,13103,1.45,0.88,2.48,1441.0,-1.0,117.0,1557.0,-2.5685,1.7,-2.4268,0.6305,-1.0838,1.8029,3.2086
2337,旺宏,2024-11,175,3870,38880,0.84,1.54,2.39,-1878.0,-2.0,-43.0,-1923.0,-2.5685,1.7,-2.4268,0.6305,-1.0838,1.8029,3.2086
2338,光罩,2024-11,17,940,13746,2.64,1.79,2.8,68.0,0.0,-15.0,53.0,-2.5685,1.7,-2.4268,0.6305,-1.0838,1.8029,3.2086
2340,台亞,2024-11,21,671,13466,1.68,3.23,1.63,138.0,0.0,-7.0,131.0,-2.5685,1.7,-2.4268,0.6305,-1.0838,1.8029,3.2086
2342,茂矽,2024-11,11,387,5430,2.29,3.51,0.0,147.0,0.0,-1.0,146.0,-2.5685,1.7,-2.4268,0.6305,-1.0838,1.8029,3.2086
2344,華邦電,2024-11,877,15720,72225,0.79,0.9,0.0,-1686.0,-14.0,-56.0,-1756.0,-2.5685,1.7,-2.4268,0.6305,-1.0838,1.8029,3.2086
2345,智邦,2024-11,101,61594,368655,13.72,4.21,1.52,-384.0,291.0,-20.0,-113.0,-2.5685,1.7,-2.4268,0.6305,-1.0838,1.8029,3.2086
2347,聯強,2024-11,138,10298,126097,1.72,0.3,3.97,-227.0,181.0,113.0,67.0,-2.5685,1.7,-2.4268,0.6305,-1.0838,1.8029,3.2086
2349,錸德,2024-11,664,10542,10475,1.89,1.34,0.0,-211.0,0.0,-39.0,-250.0,-2.5685,1.7,-2.4268,0.6305,-1.0838,1.8029,3.2086
2351,順德,2024-11,76,7930,18578,2.75,1.77,2.55,78.0,-200.0,-3.0,-125.0,-2.5685,1.7,-2.4268,0.6305,-1.0838,1.8029,3.2086
2352,佳世達,2024-11,70,2591,71219,1.91,0.36,3.25,5.0,4.0,-40.0,-31.0,-2.5685,1.7,-2.4268,0.6305,-1.0838,1.8029,3.2086
2353,宏碁,2024-11,306,11896,115361,1.54,0.45,4.23,336.0,-19.0,432.0,749.0,-2.5685,1.7,-2.4268,0.6305,-1.0838,1.8029,3.2086
2354,鴻準,2024-11,2604,231626,113725,1.05,2.0,1.87,613.0,-6.0,-473.0,134.0,-2.5685,1.7,-2.4268,0.6305,-1.0838,1.8029,3.2086
2355,敬鵬,2024-11,22,839,15204,0.92,0.89,3.27,-46.0,-1.0,-8.0,-55.0,-2.5685,1.7,-2.4268,0.6305,-1.0838,1.8029,3.2086
2356,英業達,2024-11,1138,58101,175786,2.86,0.32,3.06,-2527.0,2518.0,-13.0,-22.0,-2.5685,1.7,-2.4268,0.6305,-1.0838,1.8029,3.2086
2357,華碩,2024-11,145,88702,436743,1.66,0.84,2.89,-1403.0,380.0,25.0,-998.0,-2.5685,1.7,-2.4268,0.6305,-1.0838,1.8029,3.2086
2359,所羅門,2024-11,67,9442,24349,4.57,6.72,1.2,-144.0,0.0,16.0,-128.0,-2.5685,1.7,-2.4268,0.6305,-1.0838,1.8029,3.2086
2360,致茂,2024-11,66,28302,175445,8.07,8.86,1.6,-130.0,-49.0,51.0,-129.0,-2.5685,1.7,-2.4268,0.6305,-1.0838,1.8029,3.2086
2362,藍天,2024-11,49,2818,35723,0.81,1.42,2.83,133.0,0.0,-27.0,106.0,-2.5685,1.7,-2.4268,0.6305,-1.0838,1.8029,3.2086
2363,矽統,2024-11,154,11431,33619,2.01,167.41,0.43,541.0,0.0,15.0,556.0,-2.5685,1.7,-2.4268,0.6305,-1.0838,1.8029,3.2086
2364,倫飛,2024-11,5,435,3377,6.36,3.05,3.58,38.0,0.0,0.0,38.0,-2.5685,1.7,-2.4268,0.6305,-1.0838,1.8029,3.2086
2365,昆盈,2024-11,112,5110,9614,3.14,10.6,0.69,-33.0,0.0,-6.0,-39.0,-2.5685,1.7,-2.4268,0.6305,-1.0838,1.8029,3.2086
2367,燿華,2024-11,150,4754,22204,2.04,1.32,0.0,-28.0,0.0,66.0,38.0,-2.5685,1.7,-2.4268,0.6305,-1.0838,1.8029,3.2086
2368,金像電,2024-11,117,21556,91236,4.99,2.58,1.89,-411.0,17.0,70.0,-323.0,-2.5685,1.7,-2.4268,0.6305,-1.0838,1.8029,3.2086
2369,菱生,2024-11,45,860,6861,1.28,1.21,1.66,71.0,0.0,-11.0,60.0,-2.5685,1.7,-2.4268,0.6305,-1.0838,1.8029,3.2086
2371,大同,2024-11,403,19664,110777,2.1,2.24,0.0,246.0,-8.0,56.0,294.0,-2.5685,1.7,-2.4268,0.6305,-1.0838,1.8029,3.2086
2373,震旦行,2024-11,1,50,15826,2.24,1.41,6.12,-4.0,0.0,-1.0,-5.0,-2.5685,1.7,-2.4268,0.6305,-1.0838,1.8029,3.2086
2374,佳能,2024-11,50,2384,13398,1.98,2.35,1.94,288.0,-1.0,-16.0,271.0,-2.5685,1.7,-2.4268,0.6305,-1.0838,1.8029,3.2086
2375,凱美,2024-11,7,438,7423,0.8,1.47,1.17,-163.0,0.0,-14.0,-177.0,-2.5685,1.7,-2.4268,0.6305,-1.0838,1.8029,3.2086
2376,技嘉,2024-11,259,75124,181875,4.7,0.86,2.34,-1158.0,434.0,-46.0,-769.0,-2.5685,1.7,-2.4268,0.6305,-1.0838,1.8029,3.2086
2377,微星,2024-11,79,13911,144470,2.86,0.75,3.16,-191.0,-10.0,105.0,-97.0,-2.5685,1.7,-2.4268,0.6305,-1.0838,1.8029,3.2086
2379,瑞昱,2024-11,54,26303,244123,5.45,2.31,3.26,-317.0,299.0,39.0,21.0,-2.5685,1.7,-2.4268,0.6305,-1.0838,1.8029,3.2086
2380,虹光,2024-11,10,53,1106,1.44,0.44,0.0,0.0,0.0,0.0,0.0,-2.5685,1.7,-2.4268,0.6305,-1.0838,1.8029,3.2086
2382,廣達,2024-11,577,176886,1124024,6.05,0.98,3.09,-2724.0,-36.0,15.0,-2746.0,-2.5685,1.7,-2.4268,0.6305,-1.0838,1.8029,3.2086
2383,台光電,2024-11,116,52429,161909,5.65,3.05,2.13,-106.0,17.0,93.0,4.0,-2.5685,1.7,-2.4268,0.6305,-1.0838,1.8029,3.2086
2385,群光,2024-11,60,9397,119328,2.93,1.22,4.97,-855.0,1557.0,-19.0,683.0,-2.5685,1.7,-2.4268,0.6305,-1.0838,1.8029,3.2086
2387,精元,2024-11,36,2240,12379,1.28,0.55,4.73,20.0,1.0,10.0,31.0,-2.5685,1.7,-2.4268,0.6305,-1.0838,1.8029,3.2086
2388,威盛,2024-11,171,18879,57197,4.08,4.55,0.1,216.0,0.0,33.0,249.0,-2.5685,1.7,-2.4268,0.6305,-1.0838,1.8029,3.2086
2390,云辰,2024-11,11,146,2427,0.97,3.68,0.0,7.0,0.0,0.0,7.0,-2.5685,1.7,-2.4268,0.6305,-1.0838,1.8029,3.2086
2392,正崴,2024-11,688,53981,40781,1.66,0.43,2.51,-5416.0,0.0,1467.0,-3949.0,-2.5685,1.7,-2.4268,0.6305,-1.0838,1.8029,3.2086
2393,億光,2024-11,73,5787,34452,1.83,1.77,4.12,684.0,-386.0,2.0,300.0,-2.5685,1.7,-2.4268,0.6305,-1.0838,1.8029,3.2086
2395,研華,2024-11,32,10746,289727,6.32,4.94,2.82,-69.0,4.0,-17.0,-81.0,-2.5685,1.7,-2.4268,0.6305,-1.0838,1.8029,3.2086
2397,友通,2024-11,28,2355,8518,2.87,1.5,4.03,-9.0,0.0,-1.0,-10.0,-2.5685,1.7,-2.4268,0.6305,-1.0838,1.8029,3.2086
2399,映泰,2024-11,284,9703,5209,2.38,2.3,0.0,445.0,0.0,4.0,449.0,-2.5685,1.7,-2.4268,0.6305,-1.0838,1.8029,3.2086
2401,凌陽,2024-11,39,1117,16576,1.9,2.74,0.0,-78.0,0.0,-10.0,-88.0,-2.5685,1.7,-2.4268,0.6305,-1.0838,1.8029,3.2086
2402,毅嘉,2024-11,70,2908,12732,1.95,1.42,2.87,202.0,-1.0,55.0,256.0,-2.5685,1.7,-2.4268,0.6305,-1.0838,1.8029,3.2086
2404,漢唐,2024-11,47,18333,81667,7.71,1.38,4.9,55.0,-266.0,90.0,-121.0,-2.5685,1.7,-2.4268,0.6305,-1.0838,1.8029,3.2086
2405,輔信,2024-11,112,2335,6886,1.86,3.92,0.85,-51.0,0.0,-22.0,-73.0,-2.5685,1.7,-2.4268,0.6305,-1.0838,1.8029,3.2086
2406,國碩,2024-11,28,501,5895,1.49,0.96,0.0,-176.0,0.0,-3.0,-179.0,-2.5685,1.7,-2.4268,0.6305,-1.0838,1.8029,3.2086
2408,南亞科,2024-11,259,9717,103649,0.62,2.89,0.0,8492.0,-3.0,29.0,8518.0,-2.5685,1.7,-2.4268,0.6305,-1.0838,1.8029,3.2086
2409,友達,2024-11,453,7287,119619,0.79,0.45,5.77,-1837.0,340.0,214.0,-1283.0,-2.5685,1.7,-2.4268,0.6305,-1.0838,1.8029,3.2086
2412,中華電,2024-11,133,16334,954166,2.61,4.25,3.87,-3293.0,938.0,-35.0,-2390.0,-2.5685,1.7,-2.4268,0.6305,-1.0838,1.8029,3.2086
2413,環科,2024-11,116,3324,3362,1.7,0.9,0.76,26.0,0.0,-1.0,25.0,-2.5685,1.7,-2.4268,0.6305,-1.0838,1.8029,3.2086
2414,精技,2024-11,6,216,6130,2.13,0.27,5.8,13.0,0.0,1.0,14.0,-2.5685,1.7,-2.4268,0.6305,-1.0838,1.8029,3.2086
2415,錩新,2024-11,8,217,2538,1.55,1.05,0.0,-39.0,0.0,-2.0,-41.0,-2.5685,1.7,-2.4268,0.6305,-1.0838,1.8029,3.2086
2417,圓剛,2024-11,17,719,6478,2.19,1.97,0.36,94.0,0.0,-6.0,88.0,-2.5685,1.7,-2.4268,0.6305,-1.0838,1.8029,3.2086
2419,仲琦,2024-11,105,3682,11294,2.28,1.36,0.85,376.0,-1.0,-12.0,363.0,-2.5685,1.7,-2.4268,0.6305,-1.0838,1.8029,3.2086
2420,新巨,2024-11,9,627,10090,2.8,4.68,4.54,-12.0,0.0,0.0,-12.0,-2.5685,1.7,-2.4268,0.6305,-1.0838,1.8029,3.2086
2421,建準,2024-11,86,8703,27290,3.84,2.05,3.51,-202.0,0.0,8.0,-194.0,-2.5685,1.7,-2.4268,0.6305,-1.0838,1.8029,3.2086
2423,固緯,2024-11,5,211,6186,2.39,2.13,5.16,-16.0,0.0,-6.0,-22.0,-2.5685,1.7,-2.4268,0.6305,-1.0838,1.8029,3.2086
2424,隴華,2024-11,1,85,4261,15.12,40.75,0.0,7.0,0.0,1.0,8.0,-2.5685,1.7,-2.4268,0.6305,-1.0838,1.8029,3.2086
2425,承啟,2024-11,57,2462,3657,1.55,0.66,1.19,119.0,0.0,0.0,119.0,-2.5685,1.7,-2.4268,0.6305,-1.0838,1.8029,3.2086
2426,鼎元,2024-11,140,3288,7516,1.92,3.19,0.8,226.0,0.0,-2.0,224.0,-2.5685,1.7,-2.4268,0.6305,-1.0838,1.8029,3.2086
2427,三商電,2024-11,11,292,5048,1.66,1.09,3.51,39.0,0.0,0.0,39.0,-2.5685,1.7,-2.4268,0.6305,-1.0838,1.8029,3.2086
2428,興勤,2024-11,3,482,19793,2.02,2.81,3.37,-10.0,0.0,-3.0,-13.0,-2.5685,1.7,-2.4268,0.6305,-1.0838,1.8029,3.2086
2430,燦坤,2024-11,1,41,3685,0.84,0.19,6.97,-7.0,0.0,0.0,-7.0,-2.5685,1.7,-2.4268,0.6305,-1.0838,1.8029,3.2086
2431,聯昌,2024-11,268,4940,1769,1.33,3.66,0.0,-240.0,0.0,0.0,-240.0,-2.5685,1.7,-2.4268,0.6305,-1.0838,1.8029,3.2086
2433,互盛電,2024-11,0,24,7283,2.02,2.57,5.95,-1.0,0.0,-2.0,-3.0,-2.5685,1.7,-2.4268,0.6305,-1.0838,1.8029,3.2086
2434,統懋,2024-11,0,14,1193,2.43,18.84,0.0,2.0,0.0,0.0,2.0,-2.5685,1.7,-2.4268,0.6305,-1.0838,1.8029,3.2086
2436,偉詮電,2024-11,16,891,9096,2.63,3.01,2.37,-113.0,0.0,-4.0,-117.0,-2.5685,1.7,-2.4268,0.6305,-1.0838,1.8029,3.2086
2438,翔耀,2024-11,4,160,2657,5.07,12.72,0.0,-12.0,0.0,-1.0,-13.0,-2.5685,1.7,-2.4268,0.6305,-1.0838,1.8029,3.2086
2439,美律,2024-11,65,7002,27055,1.85,0.68,3.92,106.0,10.0,-3.0,113.0,-2.5685,1.7,-2.4268,0.6305,-1.0838,1.8029,3.2086
2440,太空梭,2024-11,5,63,1739,1.34,0.49,0.0,6.0,0.0,-1.0,5.0,-2.5685,1.7,-2.4268,0.6305,-1.0838,1.8029,3.2086
2441,超豐,2024-11,17,979,32254,1.47,2.22,4.41,78.0,-131.0,-6.0,-59.0,-2.5685,1.7,-2.4268,0.6305,-1.0838,1.8029,3.2086
2442,新美齊,2024-11,31,799,6716,1.46,3.92,1.29,-107.0,0.0,-3.0,-110.0,-2.5685,1.7,-2.4268,0.6305,-1.0838,1.8029,3.2086
2444,兆勁,2024-11,74,1271,1859,1.92,1.14,0.0,150.0,0.0,-1.0,149.0,-2.5685,1.7,-2.4268,0.6305,-1.0838,1.8029,3.2086
2449,京元電子,2024-11,394,51384,154677,3.93,5.22,2.53,-820.0,241.0,283.0,-296.0,-2.5685,1.7,-2.4268,0.6305,-1.0838,1.8029,3.2086
2450,神腦,2024-11,1,51,9000,1.46,0.29,5.74,-2.0,0.0,-4.0,-6.0,-2.5685,1.7,-2.4268,0.6305,-1.0838,1.8029,3.2086
2451,創見,2024-11,19,1785,39332,2.08,3.75,5.45,-220.0,44.0,-7.0,-183.0,-2.5685,1.7,-2.4268,0.6305,-1.0838,1.8029,3.2086
2453,凌群,2024-11,9,462,5170,2.56,0.78,4.64,53.0,0.0,-1.0,52.0,-2.5685,1.7,-2.4268,0.6305,-1.0838,1.8029,3.2086
2454,聯發科,2024-11,95,121221,2010118,5.23,4.02,4.38,-524.0,83.0,72.0,-369.0,-2.5685,1.7,-2.4268,0.6305,-1.0838,1.8029,3.2086
2455,全新,2024-11,123,19095,31434,10.28,9.2,1.29,417.0,598.0,3.0,1018.0,-2.5685,1.7,-2.4268,0.6305,-1.0838,1.8029,3.2086
2457,飛宏,2024-11,47,1945,17723,1.79,1.57,0.0,256.0,-1.0,10.0,265.0,-2.5685,1.7,-2.4268,0.6305,-1.0838,1.8029,3.2086
2458,義隆,2024-11,59,8768,44518,4.6,3.46,3.48,216.0,182.0,11.0,410.0,-2.5685,1.7,-2.4268,0.6305,-1.0838,1.8029,3.2086
2459,敦吉,2024-11,1,51,7423,1.38,1.1,5.69,-3.0,0.0,-1.0,-4.0,-2.5685,1.7,-2.4268,0.6305,-1.0838,1.8029,3.2086
2460,建通,2024-11,9,236,4323,2.05,1.46,0.0,-102.0,0.0,-2.0,-104.0,-2.5685,1.7,-2.4268,0.6305,-1.0838,1.8029,3.2086
2461,光群雷,2024-11,7,154,3606,1.11,0.63,3.12,30.0,0.0,4.0,34.0,-2.5685,1.7,-2.4268,0.6305,-1.0838,1.8029,3.2086
2462,良得電,2024-11,8,212,4091,1.32,1.02,4.22,39.0,0.0,4.0,43.0,-2.5685,1.7,-2.4268,0.6305,-1.0838,1.8029,3.2086
2464,盟立,2024-11,70,5357,15503,3.69,2.03,0.66,-265.0,-1.0,4.0,-262.0,-2.5685,1.7,-2.4268,0.6305,-1.0838,1.8029,3.2086
2465,麗臺,2024-11,19,1425,5901,7.33,1.36,0.0,83.0,0.0,0.0,83.0,-2.5685,1.7,-2.4268,0.6305,-1.0838,1.8029,3.2086
2466,冠西電,2024-11,0,9,5812,3.16,5.67,0.0,1.0,0.0,1.0,2.0,-2.5685,1.7,-2.4268,0.6305,-1.0838,1.8029,3.2086
2467,志聖,2024-11,71,15773,31194,7.18,7.16,1.51,-90.0,-1.0,-1.0,-92.0,-2.5685,1.7,-2.4268,0.6305,-1.0838,1.8029,3.2086
2468,華經,2024-11,2,49,1501,1.24,0.69,3.73,10.0,0.0,0.0,10.0,-2.5685,1.7,-2.4268,0.6305,-1.0838,1.8029,3.2086
2471,資通,2024-11,1,69,2207,2.73,2.7,7.04,-2.0,0.0,0.0,-2.0,-2.5685,1.7,-2.4268,0.6305,-1.0838,1.8029,3.2086
2472,立隆電,2024-11,18,1375,12948,1.77,1.36,3.56,267.0,0.0,4.0,271.0,-2.5685,1.7,-2.4268,0.6305,-1.0838,1.8029,3.2086
2474,可成,2024-11,151,30660,133692,0.8,8.37,5.09,-413.0,-662.0,147.0,-928.0,-2.5685,1.7,-2.4268,0.6305,-1.0838,1.8029,3.2086
2476,鉅祥,2024-11,54,4821,18173,2.45,3.04,2.87,429.0,0.0,-1.0,428.0,-2.5685,1.7,-2.4268,0.6305,-1.0838,1.8029,3.2086
2477,美隆電,2024-11,92,3156,4947,1.18,2.02,1.6,-28.0,0.0,21.0,-7.0,-2.5685,1.7,-2.4268,0.6305,-1.0838,1.8029,3.2086
2478,大毅,2024-11,3,123,6773,1.02,1.45,3.21,-9.0,0.0,-3.0,-12.0,-2.5685,1.7,-2.4268,0.6305,-1.0838,1.8029,3.2086
2480,敦陽科,2024-11,2,244,13508,4.46,1.88,5.23,1.0,0.0,-1.0,0.0,-2.5685,1.7,-2.4268,0.6305,-1.0838,1.8029,3.2086
2481,強茂,2024-11,28,1524,19488,1.43,1.56,2.35,-35.0,0.0,-13.0,-48.0,-2.5685,1.7,-2.4268,0.6305,-1.0838,1.8029,3.2086
2482,連宇,2024-11,5,147,2134,1.63,2.73,3.65,23.0,0.0,-1.0,22.0,-2.5685,1.7,-2.4268,0.6305,-1.0838,1.8029,3.2086
2483,百容,2024-11,1,33,2384,0.93,1.33,1.37,-11.0,0.0,-3.0,-14.0,-2.5685,1.7,-2.4268,0.6305,-1.0838,1.8029,3.2086
2484,希華,2024-11,4,111,4304,1.17,1.96,5.56,-4.0,0.0,-3.0,-7.0,-2.5685,1.7,-2.4268,0.6305,-1.0838,1.8029,3.2086
2485,兆赫,2024-11,11,184,5369,0.91,1.13,0.0,-42.0,0.0,-24.0,-66.0,-2.5685,1.7,-2.4268,0.6305,-1.0838,1.8029,3.2086
2486,一詮,2024-11,273,32784,25619,5.0,4.87,0.59,-1072.0,0.0,42.0,-1030.0,-2.5685,1.7,-2.4268,0.6305,-1.0838,1.8029,3.2086
2488,漢平,2024-11,22,1175,4608,1.86,1.75,4.86,104.0,0.0,-29.0,75.0,-2.5685,1.7,-2.4268,0.6305,-1.0838,1.8029,3.2086
2489,瑞軒,2024-11,110,2262,13294,0.95,0.68,3.02,76.0,-1.0,9.0,83.0,-2.5685,1.7,-2.4268,0.6305,-1.0838,1.8029,3.2086
2492,華新科,2024-11,30,2922,45763,0.94,1.35,2.28,-37.0,-1.0,-6.0,-45.0,-2.5685,1.7,-2.4268,0.6305,-1.0838,1.8029,3.2086
2493,揚博,2024-11,62,7226,11959,4.29,3.44,4.78,-85.0,0.0,-7.0,-92.0,-2.5685,1.7,-2.4268,0.6305,-1.0838,1.8029,3.2086
2495,普安,2024-11,133,4945,10067,2.34,7.19,1.9,-119.0,0.0,-6.0,-125.0,-2.5685,1.7,-2.4268,0.6305,-1.0838,1.8029,3.2086
2496,卓越,2024-11,1,93,1465,1.8,1.81,6.1,-1.0,0.0,1.0,0.0,-2.5685,1.7,-2.4268,0.6305,-1.0838,1.8029,3.2086
2497,怡利電,2024-11,34,2452,7921,3.56,1.91,1.55,-42.0,0.0,12.0,-30.0,-2.5685,1.7,-2.4268,0.6305,-1.0838,1.8029,3.2086
2498,宏達電,2024-11,128,5797,37561,1.66,10.26,0.0,127.0,-10.0,-215.0,-98.0,-2.5685,1.7,-2.4268,0.6305,-1.0838,1.8029,3.2086
2501,國建,2024-11,38,950,29627,1.1,1.48,3.91,73.0,-1.0,-28.0,44.0,-2.5685,1.7,-2.4268,0.6305,-1.0838,1.8029,3.2086
2504,國產,2024-11,93,5068,63720,2.55,2.97,3.89,-1776.0,1281.0,-136.0,-632.0,-2.5685,1.7,-2.4268,0.6305,-1.0838,1.8029,3.2086
2505,國揚,2024-11,4,79,8607,0.84,10.12,1.77,43.0,-1.0,-11.0,31.0,-2.5685,1.7,-2.4268,0.6305,-1.0838,1.8029,3.2086
2506,太設,2024-11,24,286,4625,0.67,2.43,2.51,-54.0,0.0,-1.0,-55.0,-2.5685,1.7,-2.4268,0.6305,-1.0838,1.8029,3.2086
2509,全坤建,2024-11,4,76,3862,0.92,5.09,0.0,-22.0,0.0,-2.0,-24.0,-2.5685,1.7,-2.4268,0.6305,-1.0838,1.8029,3.2086
2511,太子,2024-11,19,204,17532,0.7,2.17,3.33,136.0,-2.0,-9.0,125.0,-2.5685,1.7,-2.4268,0.6305,-1.0838,1.8029,3.2086
2515,中工,2024-11,136,1490,17223,0.77,0.85,4.62,422.0,-1.0,-1.0,420.0,-2.5685,1.7,-2.4268,0.6305,-1.0838,1.8029,3.2086
2516,新建,2024-11,24,308,3021,1.88,0.33,0.0,155.0,0.0,0.0,155.0,-2.5685,1.7,-2.4268,0.6305,-1.0838,1.8029,3.2086
2520,冠德,2024-11,121,6433,32807,1.48,1.28,3.04,1316.0,-497.0,271.0,1091.0,-2.5685,1.7,-2.4268,0.6305,-1.0838,1.8029,3.2086
2524,京城,2024-11,38,3007,28556,1.56,7.37,0.0,54.0,0.0,1.0,55.0,-2.5685,1.7,-2.4268,0.6305,-1.0838,1.8029,3.2086
2527,宏璟,2024-11,15,563,10231,0.82,3.53,3.96,53.0,-1.0,-4.0,48.0,-2.5685,1.7,-2.4268,0.6305,-1.0838,1.8029,3.2086
2530,華建,2024-11,14,592,34650,3.29,7.7,1.31,-30.0,0.0,-16.0,-46.0,-2.5685,1.7,-2.4268,0.6305,-1.0838,1.8029,3.2086
2534,宏盛,2024-11,16,418,12780,0.9,7.94,3.71,103.0,-1.0,-16.0,86.0,-2.5685,1.7,-2.4268,0.6305,-1.0838,1.8029,3.2086
2535,達欣工,2024-11,5,237,13621,1.48,0.87,5.96,14.0,0.0,-6.0,8.0,-2.5685,1.7,-2.4268,0.6305,-1.0838,1.8029,3.2086
2536,宏普,2024-11,4,135,10284,0.89,2.83,1.62,10.0,0.0,0.0,10.0,-2.5685,1.7,-2.4268,0.6305,-1.0838,1.8029,3.2086
2537,聯上發,2024-11,32,460,4298,1.02,2.71,0.0,69.0,0.0,0.0,69.0,-2.5685,1.7,-2.4268,0.6305,-1.0838,1.8029,3.2086
2538,基泰,2024-11,8,132,7187,1.23,8.21,5.26,30.0,0.0,0.0,30.0,-2.5685,1.7,-2.4268,0.6305,-1.0838,1.8029,3.2086
2542,興富發,2024-11,137,6045,99283,2.11,2.34,3.13,4784.0,0.0,280.0,5063.0,-2.5685,1.7,-2.4268,0.6305,-1.0838,1.8029,3.2086
2543,皇昌,2024-11,161,13933,31124,5.2,2.44,2.43,-864.0,1.0,10.0,-853.0,-2.5685,1.7,-2.4268,0.6305,-1.0838,1.8029,3.2086
2545,皇翔,2024-11,31,2178,24875,2.05,2.68,3.03,179.0,0.0,-1.0,178.0,-2.5685,1.7,-2.4268,0.6305,-1.0838,1.8029,3.2086
2546,根基,2024-11,2,183,9272,1.95,0.68,5.58,36.0,0.0,0.0,36.0,-2.5685,1.7,-2.4268,0.6305,-1.0838,1.8029,3.2086
2547,日勝生,2024-11,53,559,10124,0.92,1.33,2.36,422.0,0.0,9.0,431.0,-2.5685,1.7,-2.4268,0.6305,-1.0838,1.8029,3.2086
2548,華固,2024-11,20,2356,37148,1.96,3.31,6.97,8.0,13.0,13.0,33.0,-2.5685,1.7,-2.4268,0.6305,-1.0838,1.8029,3.2086
2601,益航,2024-11,44,349,6343,0.69,1.24,0.0,77.0,0.0,7.0,84.0,-2.5685,1.7,-2.4268,0.6305,-1.0838,1.8029,3.2086
2603,長榮,2024-11,677,150719,469814,0.96,1.39,4.59,-3893.0,-608.0,-54.0,-4555.0,-2.5685,1.7,-2.4268,0.6305,-1.0838,1.8029,3.2086
2605,新興,2024-11,156,4343,15424,0.88,3.36,2.85,-569.0,1.0,-93.0,-661.0,-2.5685,1.7,-2.4268,0.6305,-1.0838,1.8029,3.2086
2606,裕民,2024-11,124,7360,50365,1.3,3.23,4.03,570.0,3.0,53.0,626.0,-2.5685,1.7,-2.4268,0.6305,-1.0838,1.8029,3.2086
2607,榮運,2024-11,28,879,33081,0.98,1.76,3.55,-146.0,0.0,-29.0,-174.0,-2.5685,1.7,-2.4268,0.6305,-1.0838,1.8029,3.2086
2608,嘉里大榮,2024-11,4,145,18493,1.57,1.5,6.57,26.0,0.0,-10.0,16.0,-2.5685,1.7,-2.4268,0.6305,-1.0838,1.8029,3.2086
2609,陽明,2024-11,1605,118269,255622,0.86,1.55,2.73,-11333.0,800.0,92.0,-10442.0,-2.5685,1.7,-2.4268,0.6305,-1.0838,1.8029,3.2086
2610,華航,2024-11,1049,25149,150885,1.97,0.78,2.77,17465.0,453.0,37.0,17955.0,-2.5685,1.7,-2.4268,0.6305,-1.0838,1.8029,3.2086
2611,志信,2024-11,15,337,4205,1.41,6.36,10.34,-24.0,0.0,0.0,-24.0,-2.5685,1.7,-2.4268,0.6305,-1.0838,1.8029,3.2086
2612,中航,2024-11,11,511,8492,0.65,2.0,2.33,-63.0,0.0,16.0,-47.0,-2.5685,1.7,-2.4268,0.6305,-1.0838,1.8029,3.2086
2613,中櫃,2024-11,155,5492,4868,1.52,1.5,1.83,-172.0,0.0,-1.0,-173.0,-2.5685,1.7,-2.4268,0.6305,-1.0838,1.8029,3.2086
2614,東森,2024-11,11,210,5509,1.59,0.94,0.0,-21.0,0.0,-1.0,-22.0,-2.5685,1.7,-2.4268,0.6305,-1.0838,1.8029,3.2086
2615,萬海,2024-11,1016,94227,232910,1.02,2.01,1.81,-7292.0,0.0,159.0,-7133.0,-2.5685,1.7,-2.4268,0.6305,-1.0838,1.8029,3.2086
2616,山隆,2024-11,2,32,2753,0.58,0.18,2.14,4.0,0.0,0.0,4.0,-2.5685,1.7,-2.4268,0.6305,-1.0838,1.8029,3.2086
2617,台航,2024-11,15,478,12957,0.75,3.1,5.15,-191.0,0.0,-19.0,-210.0,-2.5685,1.7,-2.4268,0.6305,-1.0838,1.8029,3.2086
2618,長榮航,2024-11,1131,45638,224388,2.09,1.05,4.33,-2316.0,4169.0,-2596.0,-743.0,-2.5685,1.7,-2.4268,0.6305,-1.0838,1.8029,3.2086
2701,萬企,2024-11,3,32,5760,0.68,18.93,2.19,25.0,0.0,-1.0,24.0,-2.5685,1.7,-2.4268,0.6305,-1.0838,1.8029,3.2086
2702,華園,2024-11,2,28,2631,0.78,1.82,0.0,2.0,0.0,0.0,2.0,-2.5685,1.7,-2.4268,0.6305,-1.0838,1.8029,3.2086
2704,國賓,2024-11,2,136,20731,0.55,16.36,1.77,-35.0,0.0,0.0,-35.0,-2.5685,1.7,-2.4268,0.6305,-1.0838,1.8029,3.2086
2705,六福,2024-11,3,62,3310,0.69,1.46,0.0,-37.0,0.0,-1.0,-38.0,-2.5685,1.7,-2.4268,0.6305,-1.0838,1.8029,3.2086
2706,第一店,2024-11,4,57,7400,0.73,21.55,2.36,-23.0,0.0,-2.0,-25.0,-2.5685,1.7,-2.4268,0.6305,-1.0838,1.8029,3.2086
2707,晶華,2024-11,4,693,24589,6.26,3.75,5.9,-23.0,-30.0,-1.0,-54.0,-2.5685,1.7,-2.4268,0.6305,-1.0838,1.8029,3.2086
2801,彰銀,2024-11,263,4659,197221,1.02,4.98,4.94,-4176.0,-5.0,-523.0,-4704.0,-2.5685,1.7,-2.4268,0.6305,-1.0838,1.8029,3.2086
2809,京城銀,2024-11,99,4790,53784,1.06,5.09,6.2,-2365.0,1591.0,102.0,-672.0,-2.5685,1.7,-2.4268,0.6305,-1.0838,1.8029,3.2086
2816,旺旺保,2024-11,5,164,7133,1.04,0.67,0.0,20.0,0.0,1.0,21.0,-2.5685,1.7,-2.4268,0.6305,-1.0838,1.8029,3.2086
2820,華票,2024-11,13,190,20144,0.83,10.44,4.87,9.0,0.0,-21.0,-12.0,-2.5685,1.7,-2.4268,0.6305,-1.0838,1.8029,3.2086
2832,台產,2024-11,4,114,10395,0.88,1.46,4.53,-34.0,0.0,39.0,5.0,-2.5685,1.7,-2.4268,0.6305,-1.0838,1.8029,3.2086
2834,臺企銀,2024-11,400,6076,135686,1.08,4.11,9.12,-8499.0,-5.0,-136.0,-8640.0,-2.5685,1.7,-2.4268,0.6305,-1.0838,1.8029,3.2086
2836,高雄銀,2024-11,21,240,20721,0.86,5.2,5.17,-410.0,-1.0,-29.0,-440.0,-2.5685,1.7,-2.4268,0.6305,-1.0838,1.8029,3.2086
2838,聯邦銀,2024-11,23,353,62169,0.86,3.27,5.86,211.0,-3.0,-75.0,133.0,-2.5685,1.7,-2.4268,0.6305,-1.0838,1.8029,3.2086
2845,遠東銀,2024-11,99,1320,57932,0.97,4.48,7.45,-850.0,0.0,-69.0,-919.0,-2.5685,1.7,-2.4268,0.6305,-1.0838,1.8029,3.2086
2849,安泰銀,2024-11,2,34,28777,0.86,5.14,2.59,-1.0,0.0,-6.0,-7.0,-2.5685,1.7,-2.4268,0.6305,-1.0838,1.8029,3.2086
2850,新產,2024-11,6,560,31596,1.77,1.54,4.99,-64.0,80.0,23.0,39.0,-2.5685,1.7,-2.4268,0.6305,-1.0838,1.8029,3.2086
2851,中再保,2024-11,37,960,20650,1.01,0.89,5.43,301.0,0.0,33.0,335.0,-2.5685,1.7,-2.4268,0.6305,-1.0838,1.8029,3.2086
2852,第一保,2024-11,9,221,7484,0.89,0.97,4.55,11.0,0.0,-2.0,9.0,-2.5685,1.7,-2.4268,0.6305,-1.0838,1.8029,3.2086
2855,統一證,2024-11,36,951,38507,1.14,3.1,4.99,42.0,379.0,0.0,420.0,-2.5685,1.7,-2.4268,0.6305,-1.0838,1.8029,3.2086
2880,華南金,2024-11,324,8292,358947,1.73,5.67,4.99,3591.0,-2137.0,39.0,1493.0,-2.5685,1.7,-2.4268,0.6305,-1.0838,1.8029,3.2086
2881,富邦金,2024-11,451,40830,1202584,1.28,4.94,2.84,-8049.0,413.0,-33.0,-7669.0,-2.5685,1.7,-2.4268,0.6305,-1.0838,1.8029,3.2086
2882,國泰金,2024-11,514,34727,963767,1.1,2.92,3.04,-7127.0,2351.0,-34.0,-4810.0,-2.5685,1.7,-2.4268,0.6305,-1.0838,1.8029,3.2086
2883,凱基金,2024-11,786,13519,289099,0.97,7.47,2.91,-2049.0,2843.0,1017.0,1811.0,-2.5685,1.7,-2.4268,0.6305,-1.0838,1.8029,3.2086
2884,玉山金,2024-11,675,18302,431887,1.83,6.04,5.19,-8568.0,380.0,81.0,-8107.0,-2.5685,1.7,-2.4268,0.6305,-1.0838,1.8029,3.2086
2885,元大金,2024-11,429,14166,430350,1.45,4.02,3.91,-5293.0,171.0,673.0,-4449.0,-2.5685,1.7,-2.4268,0.6305,-1.0838,1.8029,3.2086
2886,兆豐金,2024-11,417,16505,589627,1.69,7.18,4.53,-8231.0,3639.0,367.0,-4225.0,-2.5685,1.7,-2.4268,0.6305,-1.0838,1.8029,3.2086
2887,台新金,2024-11,807,13896,221892,1.01,2.92,5.85,-10998.0,69.0,897.0,-10032.0,-2.5685,1.7,-2.4268,0.6305,-1.0838,1.8029,3.2086
2888,新光金,2024-11,1105,12680,204578,0.76,5.08,0.0,-13588.0,-12.0,-392.0,-13992.0,-2.5685,1.7,-2.4268,0.6305,-1.0838,1.8029,3.2086
2889,國票金,2024-11,135,1945,52276,1.29,6.82,6.62,-3057.0,3491.0,-63.0,370.0,-2.5685,1.7,-2.4268,0.6305,-1.0838,1.8029,3.2086
2890,永豐金,2024-11,574,13236,294946,1.52,4.9,4.3,-4782.0,482.0,681.0,-3619.0,-2.5685,1.7,-2.4268,0.6305,-1.0838,1.8029,3.2086
2891,中信金,2024-11,1243,46162,733808,1.61,4.44,4.81,-20898.0,7944.0,204.0,-12750.0,-2.5685,1.7,-2.4268,0.6305,-1.0838,1.8029,3.2086
2892,第一金,2024-11,569,15500,381582,1.5,5.6,4.23,-1046.0,1092.0,-162.0,-116.0,-2.5685,1.7,-2.4268,0.6305,-1.0838,1.8029,3.2086
2901,欣欣,2024-11,1,19,2027,2.33,14.82,1.3,0.0,0.0,-1.0,-1.0,-2.5685,1.7,-2.4268,0.6305,-1.0838,1.8029,3.2086
2903,遠百,2024-11,37,932,35707,1.16,1.0,6.35,255.0,25.0,-48.0,231.0,-2.5685,1.7,-2.4268,0.6305,-1.0838,1.8029,3.2086
2904,匯僑,2024-11,1,14,1409,1.14,3.11,3.31,0.0,0.0,0.0,0.0,-2.5685,1.7,-2.4268,0.6305,-1.0838,1.8029,3.2086
2905,三商,2024-11,31,513,18016,0.93,0.11,1.25,-325.0,0.0,-21.0,-347.0,-2.5685,1.7,-2.4268,0.6305,-1.0838,1.8029,3.2086
2906,高林,2024-11,4,72,3733,1.08,0.44,3.36,-9.0,0.0,-2.0,-11.0,-2.5685,1.7,-2.4268,0.6305,-1.0838,1.8029,3.2086
2908,特力,2024-11,9,179,10300,1.48,0.28,2.87,202.0,0.0,-1.0,201.0,-2.5685,1.7,-2.4268,0.6305,-1.0838,1.8029,3.2086
2910,統領,2024-11,1,24,4613,1.75,6.44,1.29,-2.0,0.0,-3.0,-5.0,-2.5685,1.7,-2.4268,0.6305,-1.0838,1.8029,3.2086
2911,麗嬰房,2024-11,2,17,910,1.33,0.31,0.0,2.0,0.0,0.0,2.0,-2.5685,1.7,-2.4268,0.6305,-1.0838,1.8029,3.2086
2912,統一超,2024-11,31,8502,281218,7.7,0.86,3.33,-388.0,9.0,7.0,-372.0,-2.5685,1.7,-2.4268,0.6305,-1.0838,1.8029,3.2086
2913,農林,2024-11,26,529,16274,1.29,42.4,0.0,66.0,0.0,-19.0,47.0,-2.5685,1.7,-2.4268,0.6305,-1.0838,1.8029,3.2086
2915,潤泰全,2024-11,117,9217,85474,0.81,34.02,3.23,-1029.0,-165.0,94.0,-1100.0,-2.5685,1.7,-2.4268,0.6305,-1.0838,1.8029,3.2086
3002,歐格,2024-11,3,45,1479,1.12,2.5,2.21,-13.0,0.0,0.0,-13.0,-2.5685,1.7,-2.4268,0.6305,-1.0838,1.8029,3.2086
3003,健和興,2024-11,56,4421,12141,1.9,2.91,1.92,-255.0,0.0,-29.0,-284.0,-2.5685,1.7,-2.4268,0.6305,-1.0838,1.8029,3.2086
3004,豐達科,2024-11,2,200,5102,2.05,1.51,2.7,-8.0,0.0,0.0,-8.0,-2.5685,1.7,-2.4268,0.6305,-1.0838,1.8029,3.2086
3005,神基,2024-11,62,6871,64443,2.96,1.82,4.78,118.0,-12.0,222.0,328.0,-2.5685,1.7,-2.4268,0.6305,-1.0838,1.8029,3.2086
3006,晶豪科,2024-11,41,2722,17800,1.77,1.36,0.96,166.0,0.0,26.0,192.0,-2.5685,1.7,-2.4268,0.6305,-1.0838,1.8029,3.2086
3008,大立光,2024-11,14,33048,324995,1.87,6.04,2.77,-61.0,3.0,6.0,-52.0,-2.5685,1.7,-2.4268,0.6305,-1.0838,1.8029,3.2086
3010,華立,2024-11,25,3085,31522,1.47,0.42,4.07,230.0,-387.0,-4.0,-161.0,-2.5685,1.7,-2.4268,0.6305,-1.0838,1.8029,3.2086
3011,今皓,2024-11,25,690,2903,2.0,2.6,0.0,25.0,0.0,3.0,28.0,-2.5685,1.7,-2.4268,0.6305,-1.0838,1.8029,3.2086
3013,晟銘電,2024-11,550,87960,29950,7.96,3.92,0.27,16.0,42.0,200.0,258.0,-2.5685,1.7,-2.4268,0.6305,-1.0838,1.8029,3.2086
3014,聯陽,2024-11,32,4736,23328,3.95,3.66,5.69,120.0,-158.0,21.0,-17.0,-2.5685,1.7,-2.4268,0.6305,-1.0838,1.8029,3.2086
3015,全漢,2024-11,114,7607,12228,0.77,1.02,4.9,200.0,13.0,8.0,221.0,-2.5685,1.7,-2.4268,0.6305,-1.0838,1.8029,3.2086
3016,嘉晶,2024-11,6,313,14744,2.98,3.56,0.98,13.0,-1.0,-7.0,5.0,-2.5685,1.7,-2.4268,0.6305,-1.0838,1.8029,3.2086
3017,奇鋐,2024-11,140,92163,249259,10.43,3.88,1.08,-158.0,73.0,-24.0,-109.0,-2.5685,1.7,-2.4268,0.6305,-1.0838,1.8029,3.2086
3019,亞光,2024-11,155,16864,30019,2.23,1.54,1.67,658.0,1.0,293.0,953.0,-2.5685,1.7,-2.4268,0.6305,-1.0838,1.8029,3.2086
3021,鴻名,2024-11,33,1098,3231,2.0,1.01,0.89,29.0,0.0,2.0,31.0,-2.5685,1.7,-2.4268,0.6305,-1.0838,1.8029,3.2086
3022,威強電,2024-11,31,2504,13951,1.36,2.04,4.43,46.0,-62.0,5.0,-11.0,-2.5685,1.7,-2.4268,0.6305,-1.0838,1.8029,3.2086
3023,信邦,2024-11,26,6787,61338,4.52,1.92,3.76,5.0,2.0,-4.0,3.0,-2.5685,1.7,-2.4268,0.6305,-1.0838,1.8029,3.2086
3024,憶聲,2024-11,90,1819,5779,2.01,3.93,0.48,473.0,0.0,-10.0,463.0,-2.5685,1.7,-2.4268,0.6305,-1.0838,1.8029,3.2086
3025,星通,2024-11,107,8349,4250,5.8,7.07,4.27,-326.0,0.0,0.0,-326.0,-2.5685,1.7,-2.4268,0.6305,-1.0838,1.8029,3.2086
3026,禾伸堂,2024-11,3,234,14880,1.58,1.18,5.57,14.0,0.0,-1.0,13.0,-2.5685,1.7,-2.4268,0.6305,-1.0838,1.8029,3.2086
3027,盛達,2024-11,49,1858,3955,1.83,2.08,1.09,-3.0,0.0,0.0,-3.0,-2.5685,1.7,-2.4268,0.6305,-1.0838,1.8029,3.2086
3028,增你強,2024-11,5,161,7366,1.26,0.21,6.34,-11.0,0.0,-10.0,-21.0,-2.5685,1.7,-2.4268,0.6305,-1.0838,1.8029,3.2086
3029,零壹,2024-11,81,8862,19122,4.74,1.24,3.49,-264.0,0.0,-9.0,-273.0,-2.5685,1.7,-2.4268,0.6305,-1.0838,1.8029,3.2086
3030,德律,2024-11,38,5230,30708,4.18,5.51,2.54,-484.0,0.0,-64.0,-548.0,-2.5685,1.7,-2.4268,0.6305,-1.0838,1.8029,3.2086
3031,佰鴻,2024-11,21,463,3810,1.29,3.3,3.64,-817.0,0.0,-35.0,-852.0,-2.5685,1.7,-2.4268,0.6305,-1.0838,1.8029,3.2086
3032,偉訓,2024-11,190,15002,9346,3.04,1.18,4.24,-258.0,0.0,64.0,-194.0,-2.5685,1.7,-2.4268,0.6305,-1.0838,1.8029,3.2086
3033,威健,2024-11,44,1541,16684,1.77,0.21,5.35,-588.0,1261.0,185.0,858.0,-2.5685,1.7,-2.4268,0.6305,-1.0838,1.8029,3.2086
3034,聯詠,2024-11,77,37632,294519,5.06,2.79,6.61,-551.0,652.0,10.0,111.0,-2.5685,1.7,-2.4268,0.6305,-1.0838,1.8029,3.2086
3035,智原,2024-11,85,19392,57842,4.51,5.25,1.93,506.0,-3.0,-3.0,500.0,-2.5685,1.7,-2.4268,0.6305,-1.0838,1.8029,3.2086
3036,文曄,2024-11,132,14953,122859,1.27,0.15,1.64,277.0,-83.0,111.0,305.0,-2.5685,1.7,-2.4268,0.6305,-1.0838,1.8029,3.2086
3037,欣興,2024-11,394,64668,227239,2.47,2.13,2.01,-2324.0,33.0,-22.0,-2312.0,-2.5685,1.7,-2.4268,0.6305,-1.0838,1.8029,3.2086
3038,全台,2024-11,7,191,4234,1.61,1.08,5.95,55.0,7.0,-4.0,58.0,-2.5685,1.7,-2.4268,0.6305,-1.0838,1.8029,3.2086
3040,遠見,2024-11,12,535,3074,2.01,20.67,2.05,77.0,0.0,0.0,77.0,-2.5685,1.7,-2.4268,0.6305,-1.0838,1.8029,3.2086
3041,揚智,2024-11,12,352,3214,2.24,2.1,0.0,43.0,0.0,0.0,43.0,-2.5685,1.7,-2.4268,0.6305,-1.0838,1.8029,3.2086
3042,晶技,2024-11,33,3761,36014,2.99,3.05,4.29,-373.0,126.0,12.0,-235.0,-2.5685,1.7,-2.4268,0.6305,-1.0838,1.8029,3.2086
3043,科風,2024-11,29,1060,1450,2.44,1.54,0.0,-3.0,0.0,-5.0,-8.0,-2.5685,1.7,-2.4268,0.6305,-1.0838,1.8029,3.2086
3044,健鼎,2024-11,37,6955,99340,2.19,1.6,3.97,-235.0,90.0,-50.0,-195.0,-2.5685,1.7,-2.4268,0.6305,-1.0838,1.8029,3.2086
3045,台灣大,2024-11,122,13822,420729,5.39,2.18,3.81,68.0,249.0,-90.0,227.0,-2.5685,1.7,-2.4268,0.6305,-1.0838,1.8029,3.2086
3046,建碁,2024-11,3,182,4330,3.06,0.67,3.62,17.0,0.0,-2.0,15.0,-2.5685,1.7,-2.4268,0.6305,-1.0838,1.8029,3.2086
3047,訊舟,2024-11,161,5731,7270,2.78,1.42,0.0,-234.0,0.0,-14.0,-248.0,-2.5685,1.7,-2.4268,0.6305,-1.0838,1.8029,3.2086
3048,益登,2024-11,29,990,8823,1.74,0.08,3.06,157.0,0.0,-14.0,143.0,-2.5685,1.7,-2.4268,0.6305,-1.0838,1.8029,3.2086
3049,精金,2024-11,194,2267,8421,1.01,7.85,0.0,-1.0,0.0,1.0,0.0,-2.5685,1.7,-2.4268,0.6305,-1.0838,1.8029,3.2086
3050,鈺德,2024-11,65,1287,2890,1.15,2.41,2.68,11.0,0.0,-2.0,9.0,-2.5685,1.7,-2.4268,0.6305,-1.0838,1.8029,3.2086
3051,力特,2024-11,11,349,5296,2.18,2.9,3.21,51.0,0.0,-1.0,50.0,-2.5685,1.7,-2.4268,0.6305,-1.0838,1.8029,3.2086
3052,夆典,2024-11,5,60,2823,0.86,0.86,5.0,-11.0,0.0,-1.0,-12.0,-2.5685,1.7,-2.4268,0.6305,-1.0838,1.8029,3.2086
3054,立萬利,2024-11,0,8,1782,2.27,22.42,0.0,0.0,0.0,0.0,0.0,-2.5685,1.7,-2.4268,0.6305,-1.0838,1.8029,3.2086
3055,蔚華科,2024-11,19,1337,7703,3.52,7.63,1.51,-119.0,0.0,-1.0,-120.0,-2.5685,1.7,-2.4268,0.6305,-1.0838,1.8029,3.2086
3056,富華新,2024-11,36,1220,12227,1.83,14.9,2.36,91.0,-1.0,49.0,139.0,-2.5685,1.7,-2.4268,0.6305,-1.0838,1.8029,3.2086
3057,喬鼎,2024-11,3,31,1098,1.56,1.9,0.0,0.0,0.0,0.0,0.0,-2.5685,1.7,-2.4268,0.6305,-1.0838,1.8029,3.2086
3058,立德,2024-11,12,217,3299,1.61,0.96,0.0,197.0,0.0,-3.0,194.0,-2.5685,1.7,-2.4268,0.6305,-1.0838,1.8029,3.2086
3059,華晶科,2024-11,13,427,8922,0.98,1.12,2.19,17.0,-1.0,-4.0,12.0,-2.5685,1.7,-2.4268,0.6305,-1.0838,1.8029,3.2086
3060,銘異,2024-11,21,524,3233,1.25,1.02,1.06,-25.0,0.0,-2.0,-27.0,-2.5685,1.7,-2.4268,0.6305,-1.0838,1.8029,3.2086
3062,建漢,2024-11,508,18502,10769,2.23,2.94,0.0,115.0,-1.0,-12.0,102.0,-2.5685,1.7,-2.4268,0.6305,-1.0838,1.8029,3.2086
3090,日電貿,2024-11,205,14454,15583,2.54,1.39,4.64,-1503.0,-90.0,-809.0,-2402.0,-2.5685,1.7,-2.4268,0.6305,-1.0838,1.8029,3.2086
3189,景碩,2024-11,128,12941,43154,1.37,1.55,1.06,794.0,-1.0,19.0,812.0,-2.5685,1.7,-2.4268,0.6305,-1.0838,1.8029,3.2086
3209,全科,2024-11,62,2456,8518,1.78,0.17,5.75,-65.0,0.0,-1.0,-66.0,-2.5685,1.7,-2.4268,0.6305,-1.0838,1.8029,3.2086
3229,晟鈦,2024-11,1,20,1179,1.85,1.31,0.0,-2.0,0.0,0.0,-2.0,-2.5685,1.7,-2.4268,0.6305,-1.0838,1.8029,3.2086
3231,緯創,2024-11,1179,139966,328755,2.96,0.35,2.29,-3593.0,-1412.0,859.0,-4146.0,-2.5685,1.7,-2.4268,0.6305,-1.0838,1.8029,3.2086
3266,昇陽,2024-11,2,35,6782,1.16,1.42,3.9,15.0,0.0,-1.0,14.0,-2.5685,1.7,-2.4268,0.6305,-1.0838,1.8029,3.2086
3296,勝德,2024-11,15,424,2984,2.52,1.88,0.0,202.0,0.0,1.0,203.0,-2.5685,1.7,-2.4268,0.6305,-1.0838,1.8029,3.2086
3305,昇貿,2024-11,13,857,8524,1.79,1.29,3.15,-72.0,0.0,-9.0,-81.0,-2.5685,1.7,-2.4268,0.6305,-1.0838,1.8029,3.2086
3311,閎暉,2024-11,2,58,2482,0.93,1.11,3.29,-9.0,0.0,0.0,-9.0,-2.5685,1.7,-2.4268,0.6305,-1.0838,1.8029,3.2086
3356,奇偶,2024-11,7,451,4541,2.05,3.59,5.11,46.0,0.0,1.0,47.0,-2.5685,1.7,-2.4268,0.6305,-1.0838,1.8029,3.2086
3380,明泰,2024-11,69,2574,20206,2.01,0.86,2.71,201.0,-1.0,3.0,203.0,-2.5685,1.7,-2.4268,0.6305,-1.0838,1.8029,3.2086
4104,佳醫,2024-11,2,153,14167,1.64,1.69,4.96,5.0,0.0,0.0,5.0,-2.5685,1.7,-2.4268,0.6305,-1.0838,1.8029,3.2086
4106,雃博,2024-11,1,30,2462,1.04,0.99,3.28,5.0,0.0,-6.0,-1.0,-2.5685,1.7,-2.4268,0.6305,-1.0838,1.8029,3.2086
4119,旭富,2024-11,8,805,11497,2.28,9.18,1.3,70.0,0.0,-2.0,68.0,-2.5685,1.7,-2.4268,0.6305,-1.0838,1.8029,3.2086
4306,炎洲,2024-11,27,490,12226,0.95,0.8,5.44,-98.0,-1.0,-2.0,-101.0,-2.5685,1.7,-2.4268,0.6305,-1.0838,1.8029,3.2086
4526,東台,2024-11,164,5583,8282,1.65,1.26,0.62,-504.0,0.0,4.0,-500.0,-2.5685,1.7,-2.4268,0.6305,-1.0838,1.8029,3.2086
4720,德淵,2024-11,13,267,2227,1.54,0.64,2.78,-114.0,0.0,-8.0,-122.0,-2.5685,1.7,-2.4268,0.6305,-1.0838,1.8029,3.2086
4722,國精化,2024-11,2,72,4425,1.51,1.14,2.26,13.0,0.0,0.0,13.0,-2.5685,1.7,-2.4268,0.6305,-1.0838,1.8029,3.2086
4904,遠傳,2024-11,126,11218,324153,3.85,3.23,3.62,85.0,56.0,-91.0,51.0,-2.5685,1.7,-2.4268,0.6305,-1.0838,1.8029,3.2086
4906,正文,2024-11,52,1885,15397,1.18,0.61,4.11,-324.0,906.0,29.0,611.0,-2.5685,1.7,-2.4268,0.6305,-1.0838,1.8029,3.2086
5007,三星,2024-11,2,98,16310,2.44,2.36,5.42,-1.0,0.0,-1.0,-2.0,-2.5685,1.7,-2.4268,0.6305,-1.0838,1.8029,3.2086
5203,訊連,2024-11,4,366,6554,1.44,3.26,3.37,15.0,0.0,0.0,15.0,-2.5685,1.7,-2.4268,0.6305,-1.0838,1.8029,3.2086
5306,桂盟,2024-11,4,571,15624,1.92,3.37,2.85,-25.0,0.0,0.0,-25.0,-2.5685,1.7,-2.4268,0.6305,-1.0838,1.8029,3.2086
5388,中磊,2024-11,30,3316,32705,2.18,0.53,4.59,-529.0,-35.0,-10.0,-574.0,-2.5685,1.7,-2.4268,0.6305,-1.0838,1.8029,3.2086
5434,崇越,2024-11,15,4551,56412,3.65,1.12,3.38,39.0,0.0,-3.0,36.0,-2.5685,1.7,-2.4268,0.6305,-1.0838,1.8029,3.2086
5469,瀚宇博,2024-11,24,1261,24746,0.77,0.6,3.16,7.0,1.0,-7.0,1.0,-2.5685,1.7,-2.4268,0.6305,-1.0838,1.8029,3.2086
5471,松翰,2024-11,9,432,7026,2.02,2.56,2.87,-100.0,0.0,-2.0,-102.0,-2.5685,1.7,-2.4268,0.6305,-1.0838,1.8029,3.2086
5484,慧友,2024-11,10,554,3393,5.91,7.71,0.0,13.0,0.0,-1.0,12.0,-2.5685,1.7,-2.4268,0.6305,-1.0838,1.8029,3.2086
5515,建國,2024-11,9,253,5494,1.08,1.17,3.67,175.0,0.0,-1.0,174.0,-2.5685,1.7,-2.4268,0.6305,-1.0838,1.8029,3.2086
5519,隆大,2024-11,10,344,7880,1.49,1.27,6.12,15.0,0.0,-1.0,14.0,-2.5685,1.7,-2.4268,0.6305,-1.0838,1.8029,3.2086
5521,工信,2024-11,29,326,5587,1.05,0.91,0.0,630.0,0.0,-7.0,623.0,-2.5685,1.7,-2.4268,0.6305,-1.0838,1.8029,3.2086
5522,遠雄,2024-11,30,1946,51195,1.14,2.16,5.34,53.0,-48.0,48.0,53.0,-2.5685,1.7,-2.4268,0.6305,-1.0838,1.8029,3.2086
5525,順天,2024-11,3,86,10182,2.03,1.63,5.26,-4.0,0.0,-2.0,-6.0,-2.5685,1.7,-2.4268,0.6305,-1.0838,1.8029,3.2086
5531,鄉林,2024-11,24,262,11096,1.14,7.62,0.0,-51.0,0.0,-1.0,-52.0,-2.5685,1.7,-2.4268,0.6305,-1.0838,1.8029,3.2086
5533,皇鼎,2024-11,4,86,5962,0.64,3.44,5.74,43.0,0.0,-32.0,11.0,-2.5685,1.7,-2.4268,0.6305,-1.0838,1.8029,3.2086
5534,長虹,2024-11,40,3464,25984,1.38,2.29,6.15,-129.0,0.0,-83.0,-212.0,-2.5685,1.7,-2.4268,0.6305,-1.0838,1.8029,3.2086
5607,遠雄港,2024-11,6,246,16003,1.6,5.03,3.86,-42.0,0.0,-10.0,-52.0,-2.5685,1.7,-2.4268,0.6305,-1.0838,1.8029,3.2086
5608,四維航,2024-11,44,829,6890,0.69,2.08,0.0,-180.0,0.0,-34.0,-214.0,-2.5685,1.7,-2.4268,0.6305,-1.0838,1.8029,3.2086
5706,鳳凰,2024-11,5,301,5060,3.25,1.82,4.81,29.0,0.0,-3.0,26.0,-2.5685,1.7,-2.4268,0.6305,-1.0838,1.8029,3.2086
6005,群益證,2024-11,92,2018,49605,1.25,3.2,5.82,2473.0,1627.0,0.0,4100.0,-2.5685,1.7,-2.4268,0.6305,-1.0838,1.8029,3.2086
6108,競國,2024-11,21,356,2526,0.7,0.44,3.16,69.0,0.0,2.0,71.0,-2.5685,1.7,-2.4268,0.6305,-1.0838,1.8029,3.2086
6112,邁達特,2024-11,7,348,9069,2.13,0.47,5.71,54.0,0.0,-21.0,33.0,-2.5685,1.7,-2.4268,0.6305,-1.0838,1.8029,3.2086
6115,鎰勝,2024-11,2,91,9852,1.96,1.44,5.71,-2.0,0.0,-1.0,-3.0,-2.5685,1.7,-2.4268,0.6305,-1.0838,1.8029,3.2086
6116,彩晶,2024-11,83,750,25787,0.66,2.35,0.0,-80.0,0.0,-55.0,-135.0,-2.5685,1.7,-2.4268,0.6305,-1.0838,1.8029,3.2086
6117,迎廣,2024-11,36,3697,9502,6.26,3.34,0.0,1376.0,0.0,99.0,1475.0,-2.5685,1.7,-2.4268,0.6305,-1.0838,1.8029,3.2086
6120,達運,2024-11,17,224,8885,0.96,0.44,0.75,24.0,0.0,-8.0,16.0,-2.5685,1.7,-2.4268,0.6305,-1.0838,1.8029,3.2086
6128,上福,2024-11,2,86,4498,1.07,0.83,7.09,-17.0,0.0,-2.0,-19.0,-2.5685,1.7,-2.4268,0.6305,-1.0838,1.8029,3.2086
6133,金橋,2024-11,100,2406,2574,2.18,2.38,0.0,2.0,0.0,0.0,2.0,-2.5685,1.7,-2.4268,0.6305,-1.0838,1.8029,3.2086
6136,富爾特,2024-11,4,92,2611,0.66,5.26,5.31,14.0,0.0,-8.0,6.0,-2.5685,1.7,-2.4268,0.6305,-1.0838,1.8029,3.2086
6139,亞翔,2024-11,48,10850,53591,4.39,0.7,3.9,-754.0,-37.0,-37.0,-828.0,-2.5685,1.7,-2.4268,0.6305,-1.0838,1.8029,3.2086
6141,柏承,2024-11,3,42,1394,1.04,0.52,0.0,-13.0,0.0,-1.0,-14.0,-2.5685,1.7,-2.4268,0.6305,-1.0838,1.8029,3.2086
6142,友勁,2024-11,22,262,3804,1.23,3.29,0.0,-220.0,0.0,0.0,-220.0,-2.5685,1.7,-2.4268,0.6305,-1.0838,1.8029,3.2086
6152,百一,2024-11,30,454,2239,1.47,1.03,0.0,-36.0,0.0,0.0,-36.0,-2.5685,1.7,-2.4268,0.6305,-1.0838,1.8029,3.2086
6153,嘉聯益,2024-11,48,859,10224,0.84,1.17,0.0,-152.0,-1.0,0.0,-153.0,-2.5685,1.7,-2.4268,0.6305,-1.0838,1.8029,3.2086
6155,鈞寶,2024-11,3,76,2292,1.47,4.41,3.26,-18.0,0.0,0.0,-18.0,-2.5685,1.7,-2.4268,0.6305,-1.0838,1.8029,3.2086
6164,華興,2024-11,33,524,1176,1.03,1.48,0.0,-28.0,0.0,0.0,-28.0,-2.5685,1.7,-2.4268,0.6305,-1.0838,1.8029,3.2086
6165,浪凡,2024-11,21,994,3549,2.57,1.27,0.88,38.0,0.0,0.0,38.0,-2.5685,1.7,-2.4268,0.6305,-1.0838,1.8029,3.2086
6166,凌華,2024-11,11,820,15986,3.12,1.57,1.36,69.0,0.0,0.0,69.0,-2.5685,1.7,-2.4268,0.6305,-1.0838,1.8029,3.2086
6168,宏齊,2024-11,15,348,4461,1.45,2.24,2.31,24.0,0.0,-1.0,23.0,-2.5685,1.7,-2.4268,0.6305,-1.0838,1.8029,3.2086
6176,瑞儀,2024-11,31,6024,88588,2.59,1.93,5.25,-363.0,77.0,-41.0,-327.0,-2.5685,1.7,-2.4268,0.6305,-1.0838,1.8029,3.2086
6183,關貿,2024-11,1,41,12135,5.0,5.08,3.4,-7.0,0.0,-1.0,-8.0,-2.5685,1.7,-2.4268,0.6305,-1.0838,1.8029,3.2086
6184,大豐電,2024-11,1,42,8196,1.88,3.92,5.79,-2.0,0.0,0.0,-2.0,-2.5685,1.7,-2.4268,0.6305,-1.0838,1.8029,3.2086
6189,豐藝,2024-11,13,1157,18646,3.22,0.51,4.06,-74.0,0.0,-2.0,-76.0,-2.5685,1.7,-2.4268,0.6305,-1.0838,1.8029,3.2086
6191,精成科,2024-11,55,3134,26087,1.21,1.16,6.0,-489.0,-374.0,8.0,-855.0,-2.5685,1.7,-2.4268,0.6305,-1.0838,1.8029,3.2086
6192,巨路,2024-11,4,393,10289,1.58,1.46,4.67,7.0,0.0,16.0,23.0,-2.5685,1.7,-2.4268,0.6305,-1.0838,1.8029,3.2086
6196,帆宣,2024-11,12,1734,29593,2.72,0.5,4.08,0.0,0.0,0.0,0.0,-2.5685,1.7,-2.4268,0.6305,-1.0838,1.8029,3.2086
6197,佳必琪,2024-11,62,10129,18801,5.14,3.11,2.73,219.0,0.0,26.0,245.0,-2.5685,1.7,-2.4268,0.6305,-1.0838,1.8029,3.2086
6201,亞弘電,2024-11,1,50,5263,2.02,1.56,6.61,-12.0,0.0,-3.0,-15.0,-2.5685,1.7,-2.4268,0.6305,-1.0838,1.8029,3.2086
6202,盛群,2024-11,26,1376,11444,3.13,5.1,0.89,-121.0,-1.0,-1.0,-123.0,-2.5685,1.7,-2.4268,0.6305,-1.0838,1.8029,3.2086
6205,詮欣,2024-11,8,570,6250,2.44,4.75,1.97,13.0,0.0,0.0,13.0,-2.5685,1.7,-2.4268,0.6305,-1.0838,1.8029,3.2086
6206,飛捷,2024-11,7,590,11803,2.56,2.94,4.85,-150.0,1.0,-3.0,-152.0,-2.5685,1.7,-2.4268,0.6305,-1.0838,1.8029,3.2086
6209,今國光,2024-11,5,135,4263,1.43,1.7,2.04,-5.0,0.0,-1.0,-6.0,-2.5685,1.7,-2.4268,0.6305,-1.0838,1.8029,3.2086
6213,聯茂,2024-11,96,7535,27367,1.35,1.01,1.99,-316.0,0.0,-31.0,-347.0,-2.5685,1.7,-2.4268,0.6305,-1.0838,1.8029,3.2086
6214,精誠,2024-11,15,2004,34986,2.41,0.93,4.05,-69.0,-30.0,-4.0,-103.0,-2.5685,1.7,-2.4268,0.6305,-1.0838,1.8029,3.2086
6215,和椿,2024-11,38,2336,4843,3.34,4.38,1.71,-120.0,0.0,-1.0,-121.0,-2.5685,1.7,-2.4268,0.6305,-1.0838,1.8029,3.2086
6216,居易,2024-11,68,3275,3928,2.24,3.71,4.01,36.0,0.0,-1.0,35.0,-2.5685,1.7,-2.4268,0.6305,-1.0838,1.8029,3.2086
6224,聚鼎,2024-11,8,537,5310,2.04,1.96,2.42,-5.0,0.0,-1.0,-6.0,-2.5685,1.7,-2.4268,0.6305,-1.0838,1.8029,3.2086
6225,天瀚,2024-11,0,2,436,5.05,7.65,0.0,0.0,0.0,0.0,0.0,-2.5685,1.7,-2.4268,0.6305,-1.0838,1.8029,3.2086
6226,光鼎,2024-11,3,26,1094,0.99,1.49,0.0,-32.0,0.0,-3.0,-35.0,-2.5685,1.7,-2.4268,0.6305,-1.0838,1.8029,3.2086
6230,尼得科超眾,2024-11,2,394,16837,2.85,1.9,0.54,-28.0,0.0,-1.0,-29.0,-2.5685,1.7,-2.4268,0.6305,-1.0838,1.8029,3.2086
6235,華孚,2024-11,62,4368,14187,3.34,2.28,2.37,-417.0,0.0,-6.0,-423.0,-2.5685,1.7,-2.4268,0.6305,-1.0838,1.8029,3.2086
6239,力成,2024-11,42,5254,92996,1.74,1.23,5.71,-126.0,7.0,-76.0,-195.0,-2.5685,1.7,-2.4268,0.6305,-1.0838,1.8029,3.2086
6243,迅杰,2024-11,3,131,2132,2.57,2.69,2.55,44.0,0.0,0.0,44.0,-2.5685,1.7,-2.4268,0.6305,-1.0838,1.8029,3.2086
6257,矽格,2024-11,61,4392,33342,1.81,1.98,3.77,-515.0,9.0,-4.0,-510.0,-2.5685,1.7,-2.4268,0.6305,-1.0838,1.8029,3.2086
6269,台郡,2024-11,32,2245,21687,0.89,0.7,7.45,142.0,28.0,-20.0,150.0,-2.5685,1.7,-2.4268,0.6305,-1.0838,1.8029,3.2086
6277,宏正,2024-11,1,75,9307,1.98,1.89,5.52,-3.0,0.0,-2.0,-5.0,-2.5685,1.7,-2.4268,0.6305,-1.0838,1.8029,3.2086
6278,台表科,2024-11,33,3420,30263,1.43,0.64,4.83,404.0,-105.0,3.0,302.0,-2.5685,1.7,-2.4268,0.6305,-1.0838,1.8029,3.2086
6282,康舒,2024-11,158,5264,28427,1.23,0.86,1.51,310.0,-1.0,-154.0,155.0,-2.5685,1.7,-2.4268,0.6305,-1.0838,1.8029,3.2086
6283,淳安,2024-11,26,788,4030,2.53,2.84,0.0,-25.0,0.0,3.0,-22.0,-2.5685,1.7,-2.4268,0.6305,-1.0838,1.8029,3.2086
6285,啟碁,2024-11,66,7873,56283,1.86,0.49,5.17,-170.0,67.0,41.0,-63.0,-2.5685,1.7,-2.4268,0.6305,-1.0838,1.8029,3.2086
6505,台塑化,2024-11,164,7335,389612,1.19,0.55,4.89,-584.0,16.0,-98.0,-666.0,-2.5685,1.7,-2.4268,0.6305,-1.0838,1.8029,3.2086
6605,帝寶,2024-11,17,3961,39796,2.26,2.04,2.71,-36.0,0.0,23.0,-12.0,-2.5685,1.7,-2.4268,0.6305,-1.0838,1.8029,3.2086
8016,矽創,2024-11,12,2514,24868,2.31,1.44,5.8,11.0,-90.0,-3.0,-82.0,-2.5685,1.7,-2.4268,0.6305,-1.0838,1.8029,3.2086
8021,尖點,2024-11,54,2017,4692,1.05,1.49,2.42,-20.0,0.0,-2.0,-22.0,-2.5685,1.7,-2.4268,0.6305,-1.0838,1.8029,3.2086
8033,雷虎,2024-11,38,2243,8130,6.29,7.28,0.0,-7.0,0.0,3.0,-4.0,-2.5685,1.7,-2.4268,0.6305,-1.0838,1.8029,3.2086
8039,台虹,2024-11,35,1732,12506,1.33,1.31,2.83,95.0,0.0,0.0,95.0,-2.5685,1.7,-2.4268,0.6305,-1.0838,1.8029,3.2086
8070,長華*,2024-11,110,5804,35412,2.07,2.16,5.12,-140.0,-904.0,-14.0,-1058.0,-2.5685,1.7,-2.4268,0.6305,-1.0838,1.8029,3.2086
8072,陞泰,2024-11,1,30,2084,0.93,1.95,2.88,30.0,0.0,0.0,30.0,-2.5685,1.7,-2.4268,0.6305,-1.0838,1.8029,3.2086
8081,致新,2024-11,6,1266,19432,2.84,2.41,6.21,65.0,-98.0,12.0,-21.0,-2.5685,1.7,-2.4268,0.6305,-1.0838,1.8029,3.2086
8103,瀚荃,2024-11,15,773,4586,1.3,1.52,2.47,40.0,0.0,-3.0,37.0,-2.5685,1.7,-2.4268,0.6305,-1.0838,1.8029,3.2086
8105,凌巨,2024-11,28,468,7109,0.9,0.86,0.62,177.0,0.0,0.0,177.0,-2.5685,1.7,-2.4268,0.6305,-1.0838,1.8029,3.2086
8112,至上,2024-11,50,3212,33731,1.89,0.16,6.28,858.0,45.0,-6.0,897.0,-2.5685,1.7,-2.4268,0.6305,-1.0838,1.8029,3.2086
8114,振樺電,2024-11,34,9294,23690,6.36,2.29,1.51,-183.0,-13.0,-22.0,-218.0,-2.5685,1.7,-2.4268,0.6305,-1.0838,1.8029,3.2086
8210,勤誠,2024-11,40,12035,34966,5.77,2.6,1.73,-181.0,-15.0,-3.0,-199.0,-2.5685,1.7,-2.4268,0.6305,-1.0838,1.8029,3.2086
8249,菱光,2024-11,262,17631,7217,1.31,2.44,2.03,93.0,0.0,10.0,103.0,-2.5685,1.7,-2.4268,0.6305,-1.0838,1.8029,3.2086
8261,富鼎,2024-11,107,10155,10802,2.06,3.86,2.73,178.0,0.0,-3.0,175.0,-2.5685,1.7,-2.4268,0.6305,-1.0838,1.8029,3.2086
8374,羅昇,2024-11,68,9171,15154,7.74,5.18,0.22,-155.0,0.0,-9.0,-164.0,-2.5685,1.7,-2.4268,0.6305,-1.0838,1.8029,3.2086
8926,台汽電,2024-11,12,499,30927,2.09,4.3,4.56,-25.0,-1.0,-14.0,-40.0,-2.5685,1.7,-2.4268,0.6305,-1.0838,1.8029,3.2086
8940,新天地,2024-11,1,30,1549,2.26,0.89,0.0,5.0,0.0,-2.0,3.0,-2.5685,1.7,-2.4268,0.6305,-1.0838,1.8029,3.2086
9902,台火,2024-11,4,67,1642,1.29,4.2,1.79,24.0,0.0,-11.0,13.0,-2.5685,1.7,-2.4268,0.6305,-1.0838,1.8029,3.2086
9904,寶成,2024-11,466,19619,120229,0.87,0.49,2.7,-1433.0,719.0,15.0,-699.0,-2.5685,1.7,-2.4268,0.6305,-1.0838,1.8029,3.2086
9905,大華,2024-11,2,49,6985,0.91,0.85,4.8,62.0,0.0,-1.0,61.0,-2.5685,1.7,-2.4268,0.6305,-1.0838,1.8029,3.2086
9907,統一實,2024-11,43,696,24714,1.25,0.66,1.92,58.0,0.0,-44.0,14.0,-2.5685,1.7,-2.4268,0.6305,-1.0838,1.8029,3.2086
9908,大台北,2024-11,2,75,15671,1.16,4.51,3.95,27.0,0.0,-9.0,18.0,-2.5685,1.7,-2.4268,0.6305,-1.0838,1.8029,3.2086
9910,豐泰,2024-11,14,1836,129360,5.61,1.46,3.28,-257.0,2.0,-38.0,-292.0,-2.5685,1.7,-2.4268,0.6305,-1.0838,1.8029,3.2086
9911,櫻花,2024-11,7,623,18707,3.15,2.04,4.59,53.0,0.0,3.0,56.0,-2.5685,1.7,-2.4268,0.6305,-1.0838,1.8029,3.2086
9912,偉聯,2024-11,1,11,659,1.41,1.29,0.0,-1.0,0.0,0.0,-1.0,-2.5685,1.7,-2.4268,0.6305,-1.0838,1.8029,3.2086
9914,美利達,2024-11,32,5350,47837,2.28,1.8,3.75,-98.0,0.0,0.0,-98.0,-2.5685,1.7,-2.4268,0.6305,-1.0838,1.8029,3.2086
9917,中保科,2024-11,11,1537,57979,4.97,3.34,4.05,-78.0,-261.0,47.0,-292.0,-2.5685,1.7,-2.4268,0.6305,-1.0838,1.8029,3.2086
9918,欣天然,2024-11,0,7,7267,2.28,3.66,3.73,0.0,0.0,0.0,0.0,-2.5685,1.7,-2.4268,0.6305,-1.0838,1.8029,3.2086
9919,康那香,2024-11,7,121,3497,1.26,1.24,1.68,46.0,0.0,-2.0,44.0,-2.5685,1.7,-2.4268,0.6305,-1.0838,1.8029,3.2086
9921,巨大,2024-11,62,9948,59594,1.75,0.83,3.29,-166.0,0.0,-5.0,-171.0,-2.5685,1.7,-2.4268,0.6305,-1.0838,1.8029,3.2086
9924,福興,2024-11,8,447,10063,1.44,1.11,5.62,-34.0,10.0,-3.0,-27.0,-2.5685,1.7,-2.4268,0.6305,-1.0838,1.8029,3.2086
9925,新保,2024-11,3,111,15906,1.41,2.06,4.87,13.0,0.0,-6.0,7.0,-2.5685,1.7,-2.4268,0.6305,-1.0838,1.8029,3.2086
9926,新海,2024-11,0,11,9460,2.37,4.06,3.8,2.0,0.0,0.0,2.0,-2.5685,1.7,-2.4268,0.6305,-1.0838,1.8029,3.2086
9927,泰銘,2024-11,5,341,10876,1.78,1.2,7.92,12.0,0.0,-1.0,11.0,-2.5685,1.7,-2.4268,0.6305,-1.0838,1.8029,3.2086
9928,中視,2024-11,3,60,1273,0.59,1.27,0.0,0.0,0.0,0.0,0.0,-2.5685,1.7,-2.4268,0.6305,-1.0838,1.8029,3.2086
9929,秋雨,2024-11,0,4,1620,1.91,2.27,0.0,1.0,0.0,0.0,1.0,-2.5685,1.7,-2.4268,0.6305,-1.0838,1.8029,3.2086
9930,中聯資源,2024-11,1,89,16528,2.82,1.33,4.51,-9.0,0.0,-4.0,-13.0,-2.5685,1.7,-2.4268,0.6305,-1.0838,1.8029,3.2086
9931,欣高,2024-11,0,8,4153,1.47,2.23,2.9,-1.0,0.0,0.0,-1.0,-2.5685,1.7,-2.4268,0.6305,-1.0838,1.8029,3.2086
9933,中鼎,2024-11,37,1534,33156,1.85,0.28,5.02,-257.0,-9.0,-13.0,-279.0,-2.5685,1.7,-2.4268,0.6305,-1.0838,1.8029,3.2086
9934,成霖,2024-11,32,465,5878,0.94,0.32,8.36,-29.0,0.0,5.0,-24.0,-2.5685,1.7,-2.4268,0.6305,-1.0838,1.8029,3.2086
9935,慶豐富,2024-11,27,886,5495,2.27,1.1,1.62,-54.0,0.0,0.0,-54.0,-2.5685,1.7,-2.4268,0.6305,-1.0838,1.8029,3.2086
9937,全國,2024-11,1,43,20273,3.82,0.83,3.2,2.0,0.0,-2.0,0.0,-2.5685,1.7,-2.4268,0.6305,-1.0838,1.8029,3.2086
9938,百和,2024-11,37,2881,23182,1.88,1.65,1.29,93.0,-1.0,-9.0,83.0,-2.5685,1.7,-2.4268,0.6305,-1.0838,1.8029,3.2086
9939,宏全,2024-11,19,2831,43481,2.69,1.6,3.64,-248.0,0.0,8.0,-241.0,-2.5685,1.7,-2.4268,0.6305,-1.0838,1.8029,3.2086
9940,信義,2024-11,6,187,21590,1.68,1.56,5.46,-21.0,10.0,-13.0,-24.0,-2.5685,1.7,-2.4268,0.6305,-1.0838,1.8029,3.2086
9941,裕融,2024-11,26,3134,64416,1.79,1.52,5.19,10.0,-4.0,16.0,21.0,-2.5685,1.7,-2.4268,0.6305,-1.0838,1.8029,3.2086
9942,茂順,2024-11,1,117,9605,2.54,2.23,6.06,3.0,0.0,-2.0,1.0,-2.5685,1.7,-2.4268,0.6305,-1.0838,1.8029,3.2086
9943,好樂迪,2024-11,2,139,9968,2.64,3.73,6.53,-6.0,0.0,-1.0,-7.0,-2.5685,1.7,-2.4268,0.6305,-1.0838,1.8029,3.2086
9944,新麗,2024-11,3,54,2237,0.62,0.98,2.93,0.0,0.0,0.0,0.0,-2.5685,1.7,-2.4268,0.6305,-1.0838,1.8029,3.2086
9945,潤泰新,2024-11,104,4822,127421,1.23,4.47,3.35,-803.0,0.0,-70.0,-873.0,-2.5685,1.7,-2.4268,0.6305,-1.0838,1.8029,3.2086
9955,佳龍,2024-11,18,591,3177,2.53,2.74,0.0,77.0,0.0,0.0,77.0,-2.5685,1.7,-2.4268,0.6305,-1.0838,1.8029,3.2086
