code,name,date,mkt_rp,rf,mkt_pf,size_rp,bm_rp,div_rp,pe_rp
Y9999,上市,2025-02,-2.2123,1.7,-2.0706,5.685,5.3502,4.3397,-0.5054
Y9999,上市,2025-01,1.9739,1.7,2.1156,-3.2329,-1.3843,0.0655,1.461
Y9999,上市,2024-12,3.4963,1.7,3.638,-1.7071,-8.1983,-3.0831,-0.5792
Y9999,上市,2024-11,-2.5685,1.7,-2.4268,0.6305,-1.0838,1.8029,3.2086
Y9999,上市,2024-10,2.5532,1.7,2.6949,-4.4637,-3.6237,-1.4999,0.7101
Y9999,上市,2024-09,-0.1467,1.7,-0.005,0.4803,2.5317,-0.9325,1.9665
Y9999,上市,2024-08,0.4629,1.7,0.6046,1.3396,-2.5492,-0.2152,0.7898
Y9999,上市,2024-07,-2.7868,1.7,-2.6451,1.9134,3.2262,1.7592,2.9994
Y9999,上市,2024-06,9.0494,1.7,9.1911,-4.0879,-6.4287,-6.4526,-0.0161
Y9999,上市,2024-05,3.6518,1.7,3.7935,2.8001,3.2447,1.0145,3.8289
Y9999,上市,2024-04,0.4211,1.7,0.5628,3.6405,5.7579,-0.467,0.8714
Y9999,上市,2024-03,7.1463,1.7,7.288,-5.6481,2.0732,0.7519,3.7861
Y9999,上市,2024-02,5.8546,1.575,5.9859,2.3424,-3.7608,0.4987,1.4672
Y9999,上市,2024-01,-0.2977,1.575,-0.1664,0.2066,-2.9111,-0.0792,1.8046
Y9999,上市,2023-12,2.8933,1.575,3.0246,-1.6848,1.899,3.1848,1.3535
Y9999,上市,2023-11,8.7955,1.575,8.9268,1.5094,-1.8048,-0.2807,1.7173
Y9999,上市,2023-10,-2.2733,1.575,-2.142,0.027,0.7713,1.1849,1.9526
Y9999,上市,2023-09,-1.5878,1.575,-1.4565,1.6902,2.0887,2.8468,1.7541
Y9999,上市,2023-08,-2.7053,1.575,-2.574,0.3534,0.6656,3.8978,1.6645
Y9999,上市,2023-07,2.2632,1.575,2.3945,-2.6157,2.544,6.1699,4.1524
Y9999,上市,2023-06,3.3403,1.575,3.4716,1.1747,-1.1151,-1.5369,-2.8468
Y9999,上市,2023-05,6.3721,1.575,6.5034,-2.1868,-2.2183,-1.3623,-0.4202
Y9999,上市,2023-04,-1.865,1.575,-1.7337,3.0138,2.8233,2.366,0.3995
Y9999,上市,2023-03,2.4791,1.575,2.6104,1.4763,-2.4562,-0.666,-3.1274
Y9999,上市,2023-02,1.4299,1.45,1.5507,4.8204,-1.8489,0.8888,-1.1926
Y9999,上市,2023-01,7.782,1.45,7.9028,-2.2085,-5.3685,-4.1222,-0.779
Y9999,上市,2022-12,-4.9165,1.45,-4.7957,2.4537,1.7512,2.199,2.4636
Y9999,上市,2022-11,14.7201,1.325,14.8305,-1.1569,-8.5587,-7.6687,-6.4976
Y9999,上市,2022-10,-3.5537,1.325,-3.4433,-1.2359,2.2647,4.6234,2.3258
Y9999,上市,2022-09,-10.8649,1.325,-10.7545,0.4826,4.1263,2.645,-0.3702
Y9999,上市,2022-08,1.0578,1.2,1.1578,5.3849,0.5457,-1.8025,-1.6034
Y9999,上市,2022-07,2.9838,1.2,3.0838,0.3775,-2.2731,-3.2132,-0.7454
Y9999,上市,2022-06,-10.4572,1.2,-10.3572,2.2569,5.1123,0.1917,-2.3194
Y9999,上市,2022-05,1.1295,1.045,1.2166,0.6781,-4.1318,-4.4851,-5.22
Y9999,上市,2022-04,-6.2044,1.045,-6.1173,0.9463,3.2416,4.2114,1.8762
Y9999,上市,2022-03,0.3769,1.045,0.464,1.1417,4.2121,2.1969,2.6449
Y9999,上市,2022-02,-0.0653,0.795,0.001,1.4316,1.004,0.8745,-3.0961
Y9999,上市,2022-01,-2.91,0.795,-2.8437,-3.7756,1.2561,2.3666,7.1058
Y9999,上市,2021-12,4.6015,0.795,4.6677,1.0993,-0.0501,-0.6189,-1.3322
Y9999,上市,2021-11,2.4868,0.795,2.553,1.4922,-0.0696,-0.6953,-2.2886
Y9999,上市,2021-10,0.1504,0.795,0.2166,1.8327,-0.8063,-0.0696,0.2248
Y9999,上市,2021-09,-2.935,0.795,-2.8687,0.8973,4.5236,2.4081,0.5267
Y9999,上市,2021-08,2.2434,0.795,2.3096,-4.4319,1.7141,-1.3917,0.9976
Y9999,上市,2021-07,-2.0646,0.795,-1.9983,3.2831,0.0327,0.8658,3.7766
Y9999,上市,2021-06,4.325,0.795,4.3912,2.0436,-1.7972,-3.7563,-10.7262
Y9999,上市,2021-05,-2.8645,0.795,-2.7983,-4.7365,-0.817,1.4199,1.8278
Y9999,上市,2021-04,7.0657,0.795,7.1319,0.7238,15.203,-2.2267,-4.4388
Y9999,上市,2021-03,3.0917,0.795,3.158,3.8937,6.5731,2.518,1.5854
Y9999,上市,2021-02,5.3468,0.795,5.4131,3.3283,2.7193,-0.4147,0.4469
Y9999,上市,2021-01,2.609,0.795,2.6753,-7.7989,-6.0934,1.9336,2.2302
Y9999,上市,2020-12,7.4394,0.795,7.5056,-4.2572,3.9893,1.4106,-1.7108
Y9999,上市,2020-11,9.3275,0.795,9.3937,-1.4482,1.3672,0.3796,-1.1068
Y9999,上市,2020-10,0.2043,0.795,0.2705,0.8654,1.6265,0.084,-0.2344
Y9999,上市,2020-09,-0.394,0.795,-0.3277,-1.282,0.8542,1.0586,-0.0453
Y9999,上市,2020-08,-0.0977,0.795,-0.0314,6.7903,4.322,-3.2478,-1.7003
Y9999,上市,2020-07,10.5466,0.795,10.6128,-5.6745,-8.5766,-2.3734,-2.6868
Y9999,上市,2020-06,6.6794,0.795,6.7456,-0.8463,2.0303,-3.1581,-3.0295
Y9999,上市,2020-05,-0.5231,0.795,-0.4568,5.5131,0.2825,-2.023,-3.2329
Y9999,上市,2020-04,13.1776,0.795,13.2439,5.1231,2.1551,-3.6078,1.5251
Y9999,上市,2020-03,-13.8962,0.795,-13.8299,-2.5768,-1.9008,2.7937,-2.444
Y9999,上市,2020-02,-1.8544,1.045,-1.7673,0.2687,-0.1975,-0.0559,0.3059
Y9999,上市,2020-01,-4.3368,1.045,-4.2497,-0.5317,0.0889,0.5701,0.6889
Y9999,上市,2019-12,4.476,1.045,4.5631,-0.5966,-1.2554,-0.0018,0.7801
Y9999,上市,2019-11,1.0799,1.045,1.167,-1.653,3.0429,0.5176,1.1994
Y9999,上市,2019-10,4.7426,1.045,4.8297,-2.4793,-1.7921,-2.3154,-0.9687
Y9999,上市,2019-09,2.1216,1.045,2.2087,-1.1508,-0.6338,-1.0263,-0.0242
Y9999,上市,2019-08,-1.2756,1.045,-1.1885,2.3744,-2.3,-2.1568,-2.3096
Y9999,上市,2019-07,2.9402,1.045,3.0273,1.3773,-0.1364,-0.5682,-1.1494
Y9999,上市,2019-06,3.1412,1.045,3.2283,-1.4266,-0.3527,0.2255,0.5126
Y9999,上市,2019-05,-4.3307,1.045,-4.2436,1.5132,2.29,5.0116,-2.6602
Y9999,上市,2019-04,2.9774,1.045,3.0645,-2.1885,1.5637,-2.8439,2.6017
Y9999,上市,2019-03,2.3039,1.045,2.391,0.5367,-2.3181,1.3575,-0.296
Y9999,上市,2019-02,4.4682,1.045,4.5553,0.051,-1.787,-1.2336,-1.4916
Y9999,上市,2019-01,1.9631,1.045,2.0502,0.2207,-0.259,0.1011,-0.6933
Y9999,上市,2018-12,-1.6912,1.045,-1.6041,1.8053,-2.378,1.6171,1.1776
Y9999,上市,2018-11,0.4839,1.045,0.571,5.9782,2.0302,-3.2653,-2.6018
Y9999,上市,2018-10,-11.0974,1.045,-11.0103,-1.6308,0.1,4.5312,2.2332
Y9999,上市,2018-09,-0.4589,1.045,-0.3718,-1.651,1.2423,5.0416,1.6915
Y9999,上市,2018-08,0.7661,1.045,0.8532,-1.2359,2.6651,3.6776,2.1085
Y9999,上市,2018-07,4.1486,1.045,4.2357,-5.5955,0.2727,2.4566,3.1348
Y9999,上市,2018-06,0.574,1.045,0.6611,1.2502,-2.6349,0.7967,-2.0411
Y9999,上市,2018-05,2.0594,1.045,2.1465,1.6561,-1.5944,-2.7146,-2.4459
Y9999,上市,2018-04,-2.4217,1.045,-2.3346,0.1772,3.7877,0.3638,-0.2213
Y9999,上市,2018-03,0.8247,1.045,0.9118,2.4225,-1.6973,1.139,1.3729
Y9999,上市,2018-02,-2.6902,1.045,-2.6031,1.3237,-0.2636,1.3399,0.801
Y9999,上市,2018-01,4.2437,1.045,4.3308,-2.6019,0.4569,0.6455,0.3081
Y9999,上市,2017-12,0.6676,1.045,0.7547,0.3305,0.8297,4.0435,2.2598
Y9999,上市,2017-11,-2.2257,1.045,-2.1386,2.3382,4.6422,-0.3647,-2.128
Y9999,上市,2017-10,3.8189,1.045,3.906,-0.8861,-0.9847,-0.4397,-1.2131
Y9999,上市,2017-09,-1.8267,1.045,-1.7396,2.843,-0.1584,0.5278,-3.3173
Y9999,上市,2017-08,2.3728,1.045,2.4599,-0.0583,2.1157,-3.6555,-3.5257
Y9999,上市,2017-07,2.2228,1.045,2.3099,-0.6372,-0.8727,-1.0833,-2.0963
Y9999,上市,2017-06,4.368,1.045,4.4551,-2.567,-0.3036,1.1329,2.0845
Y9999,上市,2017-05,1.6358,1.045,1.7229,-1.1702,-2.9393,2.332,1.0084
Y9999,上市,2017-04,0.546,1.045,0.6331,-0.206,-2.694,0.5398,1.7292
Y9999,上市,2017-03,0.567,1.045,0.6541,1.4108,0.4981,1.5452,1.8114
Y9999,上市,2017-02,3.1207,1.045,3.2078,2.1851,5.3965,0.5524,0.6332
Y9999,上市,2017-01,2.0451,1.045,2.1322,-0.0605,3.7785,-1.124,1.1703
Y9999,上市,2016-12,0.0529,1.045,0.14,1.209,-0.3221,0.8919,0.2465
Y9999,上市,2016-11,-0.6111,1.045,-0.524,0.6044,3.2313,-0.9104,0.1398
Y9999,上市,2016-10,1.2801,1.045,1.3672,-3.7851,0.2352,0.945,-0.2061
Y9999,上市,2016-09,1.3863,1.045,1.4734,0.1261,-0.3039,-0.2737,0.4324
Y9999,上市,2016-08,1.7853,1.045,1.8724,1.0746,0.0864,-0.2881,1.8185
Y9999,上市,2016-07,5.3448,1.045,5.4319,-1.2055,1.1703,0.7717,1.4564
Y9999,上市,2016-06,2.5538,1.125,2.6475,-1.4533,0.3275,1.2325,1.538
Y9999,上市,2016-05,1.7221,1.125,1.8159,-0.0119,-3.3378,1.0086,0.7508
Y9999,上市,2016-04,-4.289,1.125,-4.1952,1.0937,0.0936,-0.0905,0.8973
Y9999,上市,2016-03,3.9257,1.125,4.0194,-1.5957,-0.1686,-1.186,1.0127
Y9999,上市,2016-02,3.1232,1.205,3.2236,1.2644,0.0385,1.4447,0.2169
Y9999,上市,2016-01,-2.3943,1.205,-2.2939,-0.064,-1.4308,1.2223,-3.2096
Y9999,上市,2015-12,0.2079,1.275,0.3141,-0.2716,3.0113,1.4875,-0.8924
Y9999,上市,2015-11,-2.9114,1.275,-2.8051,1.841,-3.3997,-0.2088,0.3692
Y9999,上市,2015-10,4.4822,1.275,4.5884,2.9999,0.085,3.5347,3.2581
Y9999,上市,2015-09,0.302,1.355,0.4149,6.24,-0.242,-0.3585,-2.1378
Y9999,上市,2015-08,-4.8548,1.355,-4.7419,-1.8953,0.6466,0.8461,0.3925
Y9999,上市,2015-07,-5.5342,1.355,-5.4213,-1.52,-1.8734,-2.3466,-1.6751
Y9999,上市,2015-06,-3.2993,1.355,-3.1864,-1.6252,-4.2565,-1.7995,-2.2302
Y9999,上市,2015-05,-1.3231,1.355,-1.2102,-3.3316,-0.7466,0.2195,2.7242
Y9999,上市,2015-04,2.2487,1.355,2.3616,-0.1999,0.4224,-1.4826,1.321
Y9999,上市,2015-03,-0.5126,1.355,-0.3997,2.2394,-0.5641,2.0384,2.8906
Y9999,上市,2015-02,2.6785,1.355,2.7914,-1.5047,-1.2559,-0.3273,0.536
Y9999,上市,2015-01,0.457,1.355,0.5699,-0.017,1.9412,0.7329,0.974
Y9999,上市,2014-12,1.1907,1.355,1.3036,3.2838,2.7146,1.9323,-1.7807
Y9999,上市,2014-11,2.22,1.355,2.3329,-1.7177,-1.1393,-2.2233,-1.4676
Y9999,上市,2014-10,0.0176,1.355,0.1305,-5.9804,0.1947,-0.1494,1.6517
Y9999,上市,2014-09,-5.16,1.355,-5.0471,2.8533,-1.1143,-0.5938,-0.1665
Y9999,上市,2014-08,2.0602,1.355,2.1731,-2.5314,0.8218,0.0491,2.5342
Y9999,上市,2014-07,0.7827,1.355,0.8956,-0.9707,3.9787,0.3774,2.7671
Y9999,上市,2014-06,3.6747,1.355,3.7876,-0.2401,-0.925,-4.4968,-3.0365
Y9999,上市,2014-05,3.4273,1.355,3.5402,-0.0049,0.1498,-1.0628,1.9877
Y9999,上市,2014-04,-0.52,1.355,-0.4071,-2.5123,-2.6265,0.8409,1.3518
Y9999,上市,2014-03,2.1735,1.355,2.2864,0.9412,-1.761,2.6925,1.5712
Y9999,上市,2014-02,1.912,1.355,2.0249,5.9169,-1.5823,1.2773,-0.0224
Y9999,上市,2014-01,-1.663,1.355,-1.5501,2.5682,0.0089,1.8677,2.8792
Y9999,上市,2013-12,2.3673,1.355,2.4802,2.7578,0.6384,-0.0309,0.804
Y9999,上市,2013-11,-0.557,1.355,-0.4441,0.292,-0.5486,0.1199,0.9512
Y9999,上市,2013-10,3.2665,1.355,3.3794,0.2468,0.9567,-1.559,-1.6987
Y9999,上市,2013-09,2.0913,1.355,2.2042,0.9117,1.4586,-1.9175,1.6133
Y9999,上市,2013-08,-0.396,1.355,-0.2831,1.8613,-0.7377,-0.837,0.1399
Y9999,上市,2013-07,1.9645,1.355,2.0774,3.3959,-0.1941,0.1438,-1.5395
Y9999,上市,2013-06,-2.2678,1.355,-2.1549,-1.1997,-2.6515,2.2833,-0.9146
Y9999,上市,2013-05,1.8707,1.355,1.9836,3.677,4.1947,-0.8259,-1.4271
Y9999,上市,2013-04,2.4579,1.355,2.5708,-1.7231,-0.5231,1.5669,0.0769
Y9999,上市,2013-03,0.3192,1.355,0.4321,1.3532,-0.3408,0.0344,-0.4927
Y9999,上市,2013-02,0.5708,1.355,0.6837,0.5573,1.2268,-1.0875,-1.0827
Y9999,上市,2013-01,1.896,1.355,2.0089,-0.4775,-0.4377,2.5108,2.6277
Y9999,上市,2012-12,1.6427,1.355,1.7556,2.6212,3.6064,0.4654,-0.2245
Y9999,上市,2012-11,5.6227,1.355,5.7356,-2.0334,1.3088,-0.7457,0.1383
Y9999,上市,2012-10,-7.2415,1.355,-7.1286,-3.7277,-2.666,1.0859,-0.2748
Y9999,上市,2012-09,4.2214,1.355,4.3343,0.6518,3.2744,-3.7057,-1.317
Y9999,上市,2012-08,2.6484,1.355,2.7613,2.9491,-0.5331,-0.5132,-1.7297
Y9999,上市,2012-07,1.9869,1.355,2.0998,-0.9822,-5.1925,-2.5581,-0.6816
Y9999,上市,2012-06,-0.0898,1.355,0.0231,-0.2045,-0.3416,0.9075,-0.3544
Y9999,上市,2012-05,-2.7956,1.355,-2.6827,0.4424,-0.8977,-0.6839,-0.1278
Y9999,上市,2012-04,-5.6326,1.355,-5.5197,-0.583,-1.3584,4.8668,0.7748
Y9999,上市,2012-03,-2.5637,1.355,-2.4508,1.1007,-4.081,2.2032,5.652
Y9999,上市,2012-02,7.9464,1.355,8.0593,4.71,3.1698,-1.3415,-0.2737
Y9999,上市,2012-01,6.1665,1.355,6.2794,-0.363,1.2873,-2.831,2.3636
Y9999,上市,2011-12,2.36,1.355,2.4729,0.1387,-1.2241,-0.1097,0.2942
Y9999,上市,2011-11,-8.8271,1.355,-8.7142,-2.9755,-0.0186,4.2763,4.418
Y9999,上市,2011-10,4.8812,1.355,4.9941,-0.1301,-2.5253,-2.984,-0.8728
Y9999,上市,2011-09,-6.745,1.355,-6.6321,-1.0393,0.4188,3.9708,4.1762
Y9999,上市,2011-08,-9.7438,1.355,-9.6309,-0.7977,-0.0278,2.8096,3.2254
Y9999,上市,2011-07,2.179,1.355,2.2919,-2.4197,-4.2039,-0.7137,-4.4789
Y9999,上市,2011-06,-3.3618,1.28,-3.2551,0.1717,-1.9505,2.4509,2.0008
Y9999,上市,2011-05,-0.3656,1.28,-0.2589,-0.3038,-1.4595,1.0559,2.8138
Y9999,上市,2011-04,3.6117,1.28,3.7184,-0.5813,-1.5452,1.7826,2.223
Y9999,上市,2011-03,0.9775,1.19,1.0767,-0.9093,-0.5658,1.4868,1.0667
Y9999,上市,2011-02,-6.181,1.19,-6.0818,2.2375,-3.0081,4.2755,0.7229
Y9999,上市,2011-01,1.7462,1.19,1.8454,-2.0844,0.9791,0.0718,-0.5193
Y9999,上市,2010-12,7.2236,1.13,7.3178,-2.1741,6.8548,-1.2783,-1.4939
Y9999,上市,2010-11,0.8964,1.13,0.9906,-2.9363,-1.7826,1.6848,1.3985
Y9999,上市,2010-10,0.5143,1.13,0.6085,-2.5391,2.9724,3.1985,0.0876
Y9999,上市,2010-09,8.188,1.025,8.2734,-0.7879,1.0018,0.6113,-2.4974
Y9999,上市,2010-08,-0.9622,1.025,-0.8768,-1.9615,1.3004,0.0049,2.442
Y9999,上市,2010-07,8.3205,1.025,8.4059,0.2669,2.632,-1.6322,3.7195
Y9999,上市,2010-06,-0.6216,1.025,-0.5362,0.7886,2.1841,1.5362,-0.4836
Y9999,上市,2010-05,-7.9117,0.9,-7.8367,-1.5249,-1.4891,4.76,-2.1287
Y9999,上市,2010-04,1.0117,0.9,1.0867,1.7678,2.7812,0.7471,3.3365
Y9999,上市,2010-03,6.3191,0.9,6.3941,5.2408,2.5393,-1.9272,-1.2177
Y9999,上市,2010-02,-2.9156,0.9,-2.8406,2.7499,-1.5009,-0.3487,1.3093
Y9999,上市,2010-01,-6.4342,0.9,-6.3592,-2.0508,1.2171,1.4428,3.1599
Y9999,上市,2009-12,7.9005,0.9,7.9755,6.1531,3.9332,1.5516,3.0474
Y9999,上市,2009-11,3.189,0.9,3.264,5.3928,0.683,-1.1992,2.0026
Y9999,上市,2009-10,-2.1676,0.9,-2.0926,3.9868,4.821,-1.7402,2.1225
Y9999,上市,2009-09,9.8894,0.77,9.9536,1.2468,1.4909,-1.3979,-3.3222
Y9999,上市,2009-08,-2.7816,0.77,-2.7174,0.0605,-3.3425,1.1362,3.9384
Y9999,上市,2009-07,11.7616,0.77,11.8258,5.8515,-0.0112,-0.2845,4.7926
Y9999,上市,2009-06,-6.5431,0.77,-6.4789,0.2406,-1.7661,2.8337,-0.6994
Y9999,上市,2009-05,14.7136,0.77,14.7778,-0.4908,-0.7367,-13.9836,-12.4835
Y9999,上市,2009-04,14.4375,0.77,14.5017,-0.0277,0.8231,-1.0996,0.2966
Y9999,上市,2009-03,13.1046,0.77,13.1688,5.0838,8.1696,-2.9117,-0.0413
Y9999,上市,2009-02,7.102,0.77,7.1662,0.0938,-1.8533,-1.7103,2.8266
Y9999,上市,2009-01,-7.6131,0.92,-7.5364,3.0191,-0.3386,1.5596,2.2843
Y9999,上市,2008-12,2.838,1.42,2.9563,-1.0541,2.327,-6.5915,-5.7081
Y9999,上市,2008-11,-8.5513,2.17,-8.3705,-1.3993,3.256,-1.8603,-9.6231
Y9999,上市,2008-10,-14.7143,2.555,-14.5014,6.986,-0.7206,7.7384,2.7797
Y9999,上市,2008-09,-18.9231,2.71,-18.6973,-5.2663,-2.9455,5.4356,5.3651
Y9999,上市,2008-08,1.0669,2.71,1.2927,-0.8772,-1.4314,-1.1235,3.9855
Y9999,上市,2008-07,-4.409,2.71,-4.1832,1.8576,-5.2694,1.2137,-0.3505
Y9999,上市,2008-06,-12.4163,2.65,-12.1955,-5.9906,-3.3003,7.2888,4.1059
Y9999,上市,2008-05,-3.5575,2.65,-3.3367,0.9073,-0.2958,3.2045,2.4443
Y9999,上市,2008-04,3.6703,2.65,3.8911,1.3053,-0.9903,-1.5723,-0.0457
Y9999,上市,2008-03,1.8532,2.61,2.0707,3.3221,3.9223,4.2605,1.9805
Y9999,上市,2008-02,11.4426,2.61,11.6601,4.613,4.0143,-2.0297,-5.4273
Y9999,上市,2008-01,-11.1777,2.61,-10.9602,-2.1694,9.4285,2.8197,3.0139
Y9999,上市,2007-12,-1.469,2.61,-1.2515,-1.8336,-0.3642,2.0068,2.515
Y9999,上市,2007-11,-11.801,2.53,-11.5902,-2.3884,-0.2181,4.272,4.0949
Y9999,上市,2007-10,2.1977,2.53,2.4085,-10.0622,1.2622,2.4355,3.5234
Y9999,上市,2007-09,5.2976,2.53,5.5084,-1.3551,2.2829,-1.4863,-3.1639
Y9999,上市,2007-08,-2.9551,2.46,-2.7501,-5.1189,-2.4721,6.5206,4.2215
Y9999,上市,2007-07,5.8849,2.46,6.0899,7.2379,3.6668,1.4925,-4.4875
Y9999,上市,2007-06,9.4329,2.46,9.6379,3.241,0.8148,-1.6854,-1.7429
Y9999,上市,2007-05,3.1549,2.26,3.3432,0.8958,-4.6368,0.5916,-1.4475
Y9999,上市,2007-04,-0.5143,2.26,-0.326,-0.6403,5.728,5.3142,2.568
Y9999,上市,2007-03,-0.2592,2.23,-0.0734,8.3924,-1.8792,0.616,-1.1535
Y9999,上市,2007-02,2.2026,2.23,2.3884,2.5654,-0.9025,0.2079,1.4514
Y9999,上市,2007-01,-1.9368,2.23,-1.751,1.0474,-9.7069,-0.4372,-2.8617
Y9999,上市,2006-12,3.2341,2.2,3.4174,6.1855,7.1638,0.205,-0.0695
Y9999,上市,2006-11,7.5925,2.2,7.7758,5.0603,7.3272,-2.2168,-1.5986
Y9999,上市,2006-10,1.933,2.2,2.1163,7.4552,3.1266,1.6731,0.8446
Y9999,上市,2006-09,4.3117,2.13,4.4892,-1.452,2.8874,-0.5644,-0.4239
Y9999,上市,2006-08,3.3108,2.13,3.4883,-2.1538,-8.1693,-4.0572,-3.4498
Y9999,上市,2006-07,-2.2037,2.13,-2.0262,2.3404,-2.5919,0.9313,1.1001
Y9999,上市,2006-06,-1.5724,2.06,-1.4007,-4.245,-0.8897,2.0684,2.5018
Y9999,上市,2006-05,-4.6313,2.06,-4.4596,4.7305,7.3322,1.9592,-0.6593
Y9999,上市,2006-04,8.3148,2.06,8.4865,3.223,6.4525,-4.7111,-4.0751
Y9999,上市,2006-03,0.8137,1.99,0.9795,2.7484,-3.9963,-0.3114,1.2318
Y9999,上市,2006-02,0.3057,1.99,0.4715,-1.8492,-1.7215,3.0346,2.2718
Y9999,上市,2006-01,-0.5011,1.99,-0.3353,-2.7892,-1.7744,-0.855,-1.4227
Y9999,上市,2005-12,5.4906,1.99,5.6564,4.3243,1.6196,-4.1203,3.163
Y9999,上市,2005-11,7.5715,1.89,7.729,-0.7009,-0.5281,-3.7756,-2.2749
Y9999,上市,2005-10,-6.0414,1.89,-5.8839,-0.7127,-3.1517,-1.2871,-1.4585
Y9999,上市,2005-09,1.5479,1.89,1.7054,-1.2785,-2.8244,-1.8963,-2.4823
Y9999,上市,2005-08,-3.6464,1.79,-3.4972,-4.8972,-3.5379,0.6459,-0.128
Y9999,上市,2005-07,2.7001,1.79,2.8493,-0.9116,-6.5188,-0.9593,-2.9384
Y9999,上市,2005-06,4.2721,1.69,4.4129,4.5678,7.264,0.8567,-0.7765
Y9999,上市,2005-05,3.1911,1.69,3.3319,-3.3379,-1.7307,-3.2998,-4.5085
Y9999,上市,2005-04,-3.2452,1.69,-3.1044,-3.5685,-3.1526,-1.1211,-0.6886
Y9999,上市,2005-03,-3.4027,1.69,-3.2619,1.6301,-3.1526,0.6581,3.7526
Y9999,上市,2005-02,3.393,1.595,3.5259,1.7962,-4.8773,-3.9998,0.0583
Y9999,上市,2005-01,-2.5205,1.595,-2.3876,-2.1063,-1.996,2.1647,-1.5508
Y9999,上市,2004-12,4.9255,1.525,5.0526,1.7562,2.096,-3.2135,-1.3567
Y9999,上市,2004-11,2.2898,1.525,2.4169,-2.627,-0.4798,-0.0256,0.4786
Y9999,上市,2004-10,-2.4409,1.525,-2.3138,-2.1795,1.652,2.0334,0.5831
Y9999,上市,2004-09,1.3647,1.4,1.4814,-0.3976,2.7484,0.2828,3.4844
Y9999,上市,2004-08,6.8723,1.4,6.989,-3.0117,-2.7847,-5.5363,-1.1828
Y9999,上市,2004-07,-5.7587,1.4,-5.642,-0.164,2.1994,5.3715,4.0292
Y9999,上市,2004-06,-2.1269,1.4,-2.0102,-5.3098,-4.6666,4.271,3.5715
Y9999,上市,2004-05,-2.607,1.4,-2.4903,-0.2824,2.6185,3.6865,0.956
Y9999,上市,2004-04,-6.2079,1.4,-6.0912,-1.4895,-4.7437,0.3661,1.026
Y9999,上市,2004-03,-3.515,1.4,-3.3983,-1.9575,0.856,3.2923,-0.0274
Y9999,上市,2004-02,5.847,1.4,5.9637,3.6494,10.2172,5.8634,3.3806
Y9999,上市,2004-01,8.2134,1.4,8.3301,5.5268,13.9855,2.3631,4.2897
Y9999,上市,2003-12,1.8705,1.4,1.9872,3.6088,2.7785,-0.1346,-2.0138
Y9999,上市,2003-11,-4.767,1.4,-4.6503,5.1476,-2.7208,0.6011,1.5996
Y9999,上市,2003-10,7.625,1.4,7.7417,0.3891,9.1248,1.907,-1.4888
Y9999,上市,2003-09,-0.7371,1.4,-0.6204,0.5201,-0.5218,-1.2372,1.2823
Y9999,上市,2003-08,6.457,1.4,6.5737,-7.8883,0.0954,-1.206,-3.9793
Y9999,上市,2003-07,10.3092,1.4,10.4259,-4.5138,-2.4747,-0.7225,2.1237
Y9999,上市,2003-06,7.2261,1.525,7.3532,2.7047,8.6344,-2.1313,-2.4385
Y9999,上市,2003-05,10.1237,1.525,10.2508,0.0602,0.3165,-6.3389,-3.2596
Y9999,上市,2003-04,-4.0494,1.55,-3.9202,-3.6957,-10.3226,-1.3548,-4.4247
Y9999,上市,2003-03,-2.3114,1.55,-2.1822,-1.69,-7.4679,1.3475,1.3458
Y9999,上市,2003-02,-11.5149,1.55,-11.3857,0.1872,-8.3096,0.5633,1.2957
Y9999,上市,2003-01,12.7179,1.55,12.8471,3.3111,29.6055,8.5114,2.6095
Y9999,上市,2002-12,-4.9505,1.85,-4.7963,1.7534,11.4682,8.6181,4.357
Y9999,上市,2002-11,1.9406,1.85,2.0948,1.8297,6.7126,3.2645,-0.361
Y9999,上市,2002-10,9.7801,2.1,9.9551,-4.7651,6.8872,0.3826,-3.4129
Y9999,上市,2002-09,-12.3589,2.1,-12.1839,0.381,-7.1335,4.0003,7.8837
Y9999,上市,2002-08,-3.7294,2.1,-3.5544,-1.1241,-9.0873,-5.4886,-0.7781
Y9999,上市,2002-07,-3.5036,2.1,-3.3286,2.1571,-1.9331,-3.3986,5.053
Y9999,上市,2002-06,-9.3385,2.3,-9.1468,2.517,8.3875,11.6066,3.1141
Y9999,上市,2002-05,-6.2894,2.35,-6.0936,-3.8194,-5.0601,4.2761,-0.4581
Y9999,上市,2002-04,-2.1302,2.35,-1.9344,6.5544,18.2553,6.827,7.3738
Y9999,上市,2002-03,9.027,2.3,9.2187,13.9985,28.2017,9.1503,3.33
Y9999,上市,2002-02,-3.4245,2.3,-3.2328,1.3688,-1.7037,1.2477,-0.318
Y9999,上市,2002-01,5.852,2.3,6.0437,7.763,6.1905,4.4909,6.7485
Y9999,上市,2001-12,24.0694,2.45,24.2736,2.3681,1.6218,-1.9831,8.3879
Y9999,上市,2001-11,12.2537,2.45,12.4579,-4.6798,-16.7367,-10.2374,-5.7003
Y9999,上市,2001-10,7.0109,2.8,7.2442,-5.9336,-10.4819,-3.9199,-6.1612
Y9999,上市,2001-09,-19.5899,3.1,-19.3316,2.1835,0.4917,6.4734,0.6125
Y9999,上市,2001-08,3.5995,3.6,3.8995,1.5327,22.9134,6.5097,7.6008
Y9999,上市,2001-07,-10.8541,3.85,-10.5333,0.8998,-5.1134,-1.2226,-9.982
Y9999,上市,2001-06,-2.8955,4.05,-2.558,-2.8321,-0.2838,-2.9355,-0.3518
Y9999,上市,2001-05,-6.2388,4.05,-5.9013,-6.4074,-3.1344,-5.6099,0.6236
Y9999,上市,2001-04,-8.1683,4.3,-7.81,-1.5279,-4.5381,5.3393,-1.4408
Y9999,上市,2001-03,1.5676,4.65,1.9551,4.4222,-12.0709,-9.1937,-2.7472
Y9999,上市,2001-02,-4.5102,4.8,-4.1102,13.5146,5.2036,-4.8455,2.574
Y9999,上市,2001-01,26.7104,5.0,27.1271,-7.2074,2.6462,-16.9045,-9.5229
Y9999,上市,2000-12,-8.6107,5.0,-8.194,5.0064,12.378,26.132,12.6426
Y9999,上市,2000-11,-5.5841,5.0,-5.1674,-5.1051,-6.0377,5.0332,-3.4395
Y9999,上市,2000-10,-10.4285,4.9,-10.0202,-1.8835,4.6932,-0.8681,7.5359
Y9999,上市,2000-09,-19.187,4.9,-18.7787,1.5153,3.9207,7.7982,7.3534
Y9999,上市,2000-08,-6.6582,5.0,-6.2415,-8.5065,-16.8098,-2.304,-9.7282
Y9999,上市,2000-07,-2.3137,5.0,-1.897,-3.87,6.6097,15.1887,11.0528
Y9999,上市,2000-06,-7.6795,5.0,-7.2628,-0.5068,-1.4194,1.5623,-1.1021
Y9999,上市,2000-05,1.5423,5.0,1.959,-5.5745,-1.5431,3.3421,-0.4459
Y9999,上市,2000-04,-11.5715,5.0,-11.1548,3.511,-6.3736,2.6349,2.4411
Y9999,上市,2000-03,3.2055,5.0,3.6222,0.1431,-10.3686,-3.4673,-4.5293
Y9999,上市,2000-02,-3.6038,5.0,-3.1871,4.3646,1.4219,-2.2863,-0.6132
Y9999,上市,2000-01,15.2598,5.0,15.6765,9.6333,21.395,10.5792,7.6969
